Index,Type,Variant,Region,Notes,Location code,ISO3_Alpha_code,ISO2_Alpha_code,SDMX_code,Parent_code,Year,Population_1_Jan,Population_1_July,Male_Population_1_July,Female_Population_1_July,Population_Density_1_July,Population_Sex_Ratio,Median_Age_1_July,Natural_Change,Rate_of_Natural_Change,Population_Change,Population_Growth_Rate,Population_Annual_Doubling_Time,Births,Births_by_women_aged_15_to_19,Crude_Birth_Rate,Total_Fertility_Rate,Net_Reproduction_Rate,Mean_Age_Childbearing,Sex_Ratio_at_Birth,Total_Deaths,Male_Deaths,Female_Deaths,Crude_Death_Rate,Life_Expectancy_at_Birth,Male_Life_Expectancy_at_Birth,Female_Life_Expectancy_at_Birth,Life_Expectancy_at_Age_15,Male_Life_Expectancy_at_Age_15,Female_Life_Expectancy_at_Age_15,Life_Expectancy_at_Age_65,Male_Life_Expectancy_at_Age_65,Female_Life_Expectancy_at_Age_65,Life_Expectancy_at_Age_80,Male_Life_Expectancy_at_Age_80,Female_Life_Expectancy_at_Age_80,Infant_Deaths,Infant_Mortality_Rate,Live_Births_Surviving_to_Age_1,Under_Five_Deaths,Under_Five_Mortality,Mortality_before_Age_40,Male_Mortality_before_Age_40,Female_Mortality_before_Age_40,Mortality_before_Age_60,Male_Mortality_before_Age_60,Female_Mortality_before_Age_60,Mortality_between_Age_15_and_50,Male_Mortality_between_Age_15_and_50,Female_Mortality_between_Age_15_and_50,Mortality_between_Age_15_and_60,Male_Mortality_between_Age_15_and_60,Female_Mortality_between_Age_15_and_60,Net_Number_of_Migrants,Net_Migration_Rate
1,World,Estimates,World,,900,,,1,0,1950, 2 471 424, 2 493 093, 1 241 432, 1 251 661,19.1,99.2,22.2,  43 337,17.4,  43 338,1.74,39.9,  91 824,  10 492,36.8,4.85,1.63,28.9,105,  48 487,  25 664,  22 823,19.4,46.4,44.5,48.4,47.2,45,49.5,11.4,10.5,12.1,5.1,4.8,5.3,  12 546,138.1,"82,937.23",  19 962,227,374,391,356,540,581,497,239,269,208,375,426,323,0,0
2,World,Estimates,World,,900,,,1,0,1951, 2 514 762, 2 536 927, 1 263 362, 1 273 565,19.5,99.2,22.1,  44 331,17.5,  44 331,1.75,39.7,  92 507,  10 574,36.5,4.82,1.64,28.9,105,  48 176,  25 384,  22 792,19,47.1,45.3,49,47.6,45.6,49.8,11.4,10.6,12.2,5.1,4.8,5.3,  12 566,136,"83,687.57",  19 949,221,363,378,348,528,567,488,230,256,203,365,413,316,0,0
3,World,Estimates,World,,900,,,1,0,1952, 2 559 092, 2 584 086, 1 287 093, 1 296 993,19.8,99.2,22.1,  49 988,19.3,  49 988,1.94,35.8,  97 371,  11 034,37.7,5,1.73,28.9,105,  47 383,  24 850,  22 533,18.3,48.2,46.5,50,48.4,46.5,50.3,11.6,10.7,12.4,5.2,4.8,5.4,  12 731,132.7,"88,313.93",  19 955,214,348,360,337,511,546,475,217,239,196,351,393,307,0,0
4,World,Estimates,World,,900,,,1,0,1953, 2 609 080, 2 634 106, 1 312 355, 1 321 751,20.2,99.3,22,  50 052,19,  50 052,1.9,36.5,  97 291,  11 045,36.9,4.92,1.71,28.9,105,  47 240,  24 722,  22 518,17.9,48.8,47.2,50.5,48.7,46.9,50.5,11.7,10.8,12.4,5.2,4.8,5.4,  12 672,130.1,"88,412.17",  19 847,208,340,350,330,502,536,467,211,231,191,343,384,301,0,0
5,World,Estimates,World,,900,,,1,0,1954, 2 659 132, 2 685 895, 1 338 531, 1 347 364,20.6,99.3,21.9,  53 525,19.9,  53 525,1.99,34.8,  100 188,  11 302,37.3,5,1.76,28.9,105,  46 662,  24 408,  22 254,17.4,49.7,48,51.3,49.2,47.5,51,11.8,11,12.6,5.3,4.9,5.5,  12 693,127.7,"91,211.23",  19 813,203,330,339,320,489,522,456,203,221,185,332,372,293,0,0
6,World,Estimates,World,,900,,,1,0,1955, 2 712 658, 2 740 214, 1 365 979, 1 374 235,21,99.4,21.8,  55 112,20.1,  55 112,2.01,34.5,  101 748,  11 422,37.1,5,1.78,28.8,105,  46 636,  24 437,  22 199,17,50.2,48.5,51.9,49.4,47.6,51.3,11.9,10.9,12.7,5.3,4.9,5.5,  12 651,124.8,"92,832.93",  19 663,198,322,331,313,481,515,447,200,218,181,327,367,287,0,0
7,World,Estimates,World,,900,,,1,0,1956, 2 767 770, 2 795 410, 1 393 816, 1 401 594,21.4,99.4,21.7,  55 280,19.8,  55 280,1.98,35,  101 759,  11 426,36.4,4.93,1.77,28.8,105,  46 479,  24 353,  22 126,16.6,50.7,49,52.5,49.6,47.8,51.5,11.9,11,12.7,5.2,4.9,5.5,  12 415,121.9,"93,033.97",  19 318,192,315,324,305,474,507,440,196,214,178,323,363,283,0,0
8,World,Estimates,World,,900,,,1,0,1957, 2 823 050, 2 852 618, 1 422 614, 1 430 005,21.9,99.5,21.6,  59 137,20.7,  59 137,2.07,33.4,  106 018,  11 792,37.2,5.07,1.83,28.8,105,  46 881,  24 585,  22 296,16.4,51.1,49.3,52.8,49.7,47.9,51.6,11.9,11,12.8,5.3,4.9,5.6,  12 581,120,"97,066.83",  19 434,189,310,319,301,469,503,435,194,212,176,321,361,281,0,0
9,World,Estimates,World,,900,,,1,0,1958, 2 882 187, 2 911 250, 1 452 096, 1 459 154,22.3,99.5,21.5,  58 126,20,  58 126,2,34.7,  104 644,  11 674,35.9,4.93,1.8,28.7,105,  46 518,  24 414,  22 104,16,51.6,49.9,53.4,50.1,48.2,52,12.1,11.1,13,5.4,5,5.7,  12 379,117.7,"95,974.18",  19 125,184,304,313,295,462,496,427,191,209,173,315,355,275,0,0
10,World,Estimates,World,,900,,,1,0,1959, 2 940 313, 2 965 950, 1 479 589, 1 486 362,22.7,99.5,21.5,  51 275,17.3,  51 275,1.73,40.1,  102 000,  11 502,34.4,4.74,1.67,28.7,105,  50 725,  26 607,  24 117,17.1,49.6,47.8,51.4,49.3,47.3,51.3,11.9,10.8,12.8,5.3,4.9,5.6,  12 970,125.7,"92,970.83",  20 974,202,330,340,319,491,526,455,203,224,182,333,375,290,0,0
11,World,Estimates,World,,900,,,1,0,1960, 2 991 588, 3 015 471, 1 504 457, 1 511 014,23.1,99.6,21.5,  47 766,15.8,  47 766,1.58,43.8,  102 378,  11 593,34,4.7,1.61,28.6,105,  54 612,  28 637,  25 976,18.1,47.8,46.1,49.6,48.5,46.5,50.6,11.7,10.6,12.5,5.2,4.9,5.5,  13 515,131.8,"92,877.84",  22 432,216,352,363,342,516,552,480,215,238,191,349,394,304,0,0
12,World,Estimates,World,,900,,,1,0,1961, 3 039 354, 3 064 870, 1 529 295, 1 535 575,23.5,99.6,21.4,  51 032,16.7,  51 032,1.67,41.6,  100 951,  11 577,32.9,4.57,1.63,28.6,105,  49 919,  26 207,  23 712,16.3,50.3,48.6,52.2,49.6,47.6,51.6,12,11,13,5.4,5,5.7,  12 299,121.5,"92,308.71",  19 704,194,320,331,310,481,516,445,199,220,178,327,370,284,0,0
13,World,Estimates,World,,900,,,1,0,1962, 3 090 386, 3 123 374, 1 558 850, 1 564 524,24,99.6,21.4,  65 977,21.1,  65 977,2.11,32.8,  112 039,  12 488,35.9,5.02,1.87,28.7,105,  46 061,  24 225,  21 837,14.7,53.2,51.4,55.1,50.8,48.8,52.8,12.3,11.2,13.3,5.5,5,5.8,  11 950,110.2,"103,342.14",  17 939,170,283,292,273,439,473,404,180,197,162,301,340,261,0,0
14,World,Estimates,World,,900,,,1,0,1963, 3 156 363, 3 192 808, 1 594 017, 1 598 791,24.5,99.7,21.2,  72 890,22.8,  72 890,2.28,30.4,  119 803,  13 270,37.5,5.31,1.99,28.8,105,  46 913,  24 680,  22 233,14.7,53.7,51.9,55.6,51,49,53,12.4,11.3,13.4,5.5,5.1,5.8,  12 661,107.7,"110,709.44",  18 611,166,277,286,267,432,466,397,177,194,159,296,336,257,0,0
15,World,Estimates,World,,900,,,1,0,1964, 3 229 253, 3 264 487, 1 630 340, 1 634 147,25,99.8,21,  70 469,21.6,  70 469,2.16,32.1,  117 292,  13 275,35.9,5.12,1.94,28.8,105,  46 823,  24 649,  22 174,14.3,54.3,52.4,56.2,51.3,49.3,53.4,12.6,11.4,13.6,5.7,5.2,6,  12 532,106.1,"108,526.65",  18 577,162,271,280,261,425,459,390,173,190,156,291,330,252,0,0
16,World,Estimates,World,,900,,,1,0,1965, 3 299 722, 3 334 534, 1 665 745, 1 668 789,25.6,99.8,20.8,  69 623,20.9,  69 623,2.09,33.2,  117 837,  13 689,35.3,5.07,1.92,28.8,105,  48 214,  25 472,  22 741,14.5,54,52,56.1,51.1,48.9,53.3,12.5,11.3,13.6,5.6,5.1,5.9,  12 527,106.4,"109,007.37",  18 912,163,274,286,262,429,466,391,176,197,156,295,338,253,0,0
17,World,Estimates,World,,900,,,1,0,1966, 3 369 345, 3 404 041, 1 700 737, 1 703 304,26.1,99.8,20.6,  69 391,20.4,  69 391,2.04,34,  117 233,  13 972,34.4,4.96,1.89,28.8,105,  47 842,  25 189,  22 652,14.1,54.6,52.6,56.6,51.5,49.4,53.6,12.7,11.4,13.7,5.7,5.2,6,  12 312,104.9,"108,572.59",  18 635,160,267,277,257,420,455,385,170,188,152,288,328,248,0,0
18,World,Estimates,World,,900,,,1,0,1967, 3 438 737, 3 473 413, 1 735 618, 1 737 795,26.6,99.9,20.5,  69 351,20,  69 352,2,34.7,  116 920,  14 088,33.7,4.85,1.86,28.7,105,  47 569,  25 051,  22 518,13.7,55.1,53.1,57.1,51.8,49.7,54,12.8,11.5,13.8,5.8,5.3,6.1,  12 082,103.1,"108,428.98",  18 318,156,261,271,251,413,448,377,166,184,147,282,322,242,0,0
19,World,Estimates,World,,900,,,1,0,1968, 3 508 089, 3 545 187, 1 771 695, 1 773 492,27.2,99.9,20.4,  74 197,20.9,  74 197,2.09,33.1,  121 826,  14 857,34.4,4.96,1.92,28.8,105,  47 629,  25 077,  22 552,13.4,55.6,53.6,57.7,52,49.9,54.2,12.8,11.5,13.8,5.7,5.2,6,  12 059,100.2,"113,228.26",  18 030,151,254,264,243,404,440,369,162,180,143,277,317,238,0,0
20,World,Estimates,World,,900,,,1,0,1969, 3 582 286, 3 619 492, 1 809 131, 1 810 361,27.8,99.9,20.3,  74 412,20.6,  74 412,2.06,33.7,  122 228,  15 151,33.8,4.87,1.89,28.7,106,  47 816,  25 174,  22 642,13.2,56,54,58.1,52.2,50,54.4,12.8,11.6,13.9,5.8,5.3,6.1,  12 018,98.3,"113,761.06",  17 878,148,249,259,238,399,434,363,159,177,140,274,314,234,0,0
21,World,Estimates,World,,900,,,1,0,1970, 3 656 698, 3 694 684, 1 847 019, 1 847 665,28.3,100,20.3,  75 972,20.6,  75 972,2.06,33.7,  124 136,  15 551,33.6,4.83,1.88,28.7,106,  48 163,  25 305,  22 859,13,56.3,54.3,58.3,52.4,50.3,54.5,12.9,11.7,14,5.9,5.3,6.2,  11 981,96.9,"115,654.16",  17 854,146,247,256,237,395,430,361,157,175,139,271,310,233,0,0
22,World,Estimates,World,,900,,,1,0,1971, 3 732 670, 3 769 848, 1 884 860, 1 884 988,28.9,100,20.3,  74 356,19.7,  74 356,1.97,35.1,  123 740,  15 865,32.8,4.68,1.82,28.6,106,  49 384,  26 259,  23 125,13.1,56,53.7,58.4,52,49.5,54.6,13,11.7,14.1,5.9,5.3,6.2,  11 919,96.1,"115,325.41",  17 892,145,252,267,235,402,443,359,165,191,137,279,326,231,0,0
23,World,Estimates,World,,900,,,1,0,1972, 3 807 026, 3 844 918, 1 922 850, 1 922 068,29.5,100,20.4,  75 784,19.7,  75 784,1.97,35.2,  123 554,  16 099,32.1,4.55,1.79,28.5,106,  47 770,  25 127,  22 643,12.4,57.2,55.1,59.3,52.9,50.7,55.1,13.2,11.9,14.2,6,5.4,6.3,  11 570,93.6,"115,352.05",  17 202,140,236,246,225,382,417,346,150,169,131,262,300,223,0,0
24,World,Estimates,World,,900,,,1,0,1973, 3 882 810, 3 920 805, 1 961 395, 1 959 410,30.1,100.1,20.4,  75 991,19.4,  75 991,1.94,35.8,  123 564,  16 365,31.5,4.42,1.75,28.4,106,  47 573,  25 033,  22 541,12.1,57.7,55.6,59.8,53.2,51,55.4,13.3,11.9,14.4,6,5.4,6.4,  11 386,92.1,"115,469.49",  16 881,137,230,240,220,374,409,339,146,164,127,256,294,218,0,0
25,World,Estimates,World,,900,,,1,0,1974, 3 958 800, 3 996 416, 1 999 751, 1 996 665,30.6,100.2,20.5,  75 231,18.8,  75 231,1.88,36.8,  122 709,  16 478,30.7,4.26,1.69,28.3,106,  47 478,  25 017,  22 462,11.9,58.1,55.9,60.2,53.4,51.2,55.7,13.4,12,14.5,6.1,5.5,6.4,  11 186,90.9,"114,760.62",  16 577,135,226,237,216,369,404,333,143,162,124,252,291,213,0,0
26,World,Estimates,World,,900,,,1,0,1975, 4 034 032, 4 070 735, 2 037 388, 2 033 348,31.2,100.2,20.7,  73 407,18,  73 407,1.8,38.4,  121 030,  16 366,29.7,4.08,1.63,28.2,106,  47 623,  25 132,  22 491,11.7,58.3,56.1,60.5,53.5,51.2,55.8,13.5,12.1,14.6,6.1,5.5,6.5,  10 888,89.6,"113,292.08",  16 151,132,225,235,214,367,402,331,144,162,124,251,290,212,0,0
27,World,Estimates,World,,900,,,1,0,1976, 4 107 439, 4 144 246, 2 074 548, 2 069 699,31.8,100.2,20.8,  73 615,17.8,  73 615,1.78,39,  121 322,  16 456,29.3,3.97,1.59,28.1,106,  47 707,  25 126,  22 581,11.5,58.6,56.4,60.7,53.7,51.4,56,13.5,12.1,14.7,6.1,5.5,6.5,  10 678,88.1,"113,692.99",  15 790,130,221,231,211,362,397,327,142,159,123,248,286,210,0,0
28,World,Estimates,World,,900,,,1,0,1977, 4 181 054, 4 217 864, 2 111 748, 2 106 116,32.3,100.3,21,  73 620,17.5,  73 620,1.75,39.7,  120 787,  16 124,28.6,3.85,1.55,28,106,  47 167,  24 901,  22 266,11.2,59.2,56.9,61.4,54.1,51.7,56.4,13.7,12.3,14.9,6.3,5.6,6.7,  10 445,86.4,"113,331.11",  15 369,127,215,225,204,354,389,318,137,155,118,242,280,202,0,0
29,World,Estimates,World,,900,,,1,0,1978, 4 254 674, 4 292 098, 2 149 212, 2 142 885,32.9,100.3,21.1,  74 848,17.4,  74 848,1.74,39.7,  122 141,  16 234,28.5,3.79,1.53,27.9,106,  47 293,  25 005,  22 288,11,59.5,57.3,61.8,54.2,51.9,56.6,13.8,12.3,15,6.3,5.6,6.7,  10 314,84.7,"114,742.39",  15 100,124,210,221,199,348,385,311,135,154,115,238,278,198,0,0
30,World,Estimates,World,,900,,,1,0,1979, 4 329 521, 4 368 540, 2 187 840, 2 180 699,33.5,100.3,21.3,  78 036,17.9,  78 036,1.79,38.8,  125 000,  16 759,28.6,3.77,1.54,27.9,106,  46 964,  24 858,  22 106,10.8,60.2,57.9,62.5,54.6,52.2,57.1,13.9,12.4,15.1,6.3,5.6,6.8,  10 254,82.5,"117,613.62",  14 873,121,202,213,191,339,376,301,129,148,108,231,271,190,0,0
31,World,Estimates,World,,900,,,1,0,1980, 4 407 558, 4 447 606, 2 227 983, 2 219 623,34.1,100.4,21.5,  80 097,18,  80 097,1.8,38.5,  127 447,  17 138,28.7,3.74,1.53,27.8,106,  47 350,  25 083,  22 267,10.6,60.5,58.2,62.9,54.8,52.3,57.2,13.9,12.4,15.1,6.3,5.6,6.8,  10 219,80.6,"120,081.07",  14 737,118,198,209,186,333,371,295,126,146,106,228,269,186,0,0
32,World,Estimates,World,,900,,,1,0,1981, 4 487 655, 4 528 777, 2 269 262, 2 259 516,34.7,100.4,21.6,  82 245,18.2,  82 245,1.82,38.2,  129 716,  17 708,28.6,3.71,1.53,27.7,106,  47 471,  25 185,  22 286,10.5,60.9,58.5,63.3,55,52.4,57.5,14,12.5,15.2,6.4,5.6,6.8,  10 159,78.7,"122,383.48",  14 599,115,193,205,182,328,366,288,124,145,102,224,266,182,0,0
33,World,Estimates,World,,900,,,1,0,1982, 4 569 900, 4 612 673, 2 311 809, 2 300 864,35.4,100.5,21.7,  85 547,18.5,  85 547,1.86,37.4,  133 207,  18 437,28.9,3.71,1.53,27.7,106,  47 659,  25 309,  22 350,10.3,61.3,58.9,63.8,55.2,52.6,57.8,14.1,12.6,15.3,6.5,5.7,6.9,  10 133,76.6,"125,860.33",  14 513,112,189,201,177,322,360,282,121,142,100,221,263,178,0,0
34,World,Estimates,World,,900,,,1,0,1983, 4 655 447, 4 697 328, 2 354 687, 2 342 640,36,100.5,21.8,  83 761,17.8,  83 761,1.78,38.9,  131 968,  18 601,28.1,3.58,1.48,27.6,106,  48 207,  25 569,  22 638,10.3,61.5,59.1,64,55.3,52.8,57.9,14.1,12.6,15.3,6.4,5.7,6.9,  10 053,76.1,"124,738.77",  14 471,111,187,198,175,319,357,279,119,140,98,218,260,175,0,0
35,World,Estimates,World,,900,,,1,0,1984, 4 739 208, 4 782 176, 2 397 609, 2 384 567,36.7,100.5,21.9,  85 935,18,  85 935,1.8,38.6,  134 365,  18 821,28.1,3.55,1.48,27.5,106,  48 431,  25 696,  22 735,10.1,61.9,59.5,64.3,55.5,52.9,58.1,14.2,12.7,15.4,6.5,5.7,7,  9 978,74.6,"127,137.19",  14 345,108,183,194,171,314,353,275,117,138,96,216,257,173,0,0
36,World,Estimates,World,,900,,,1,0,1985, 4 825 143, 4 868 943, 2 441 487, 2 427 456,37.3,100.6,22,  87 601,18,  87 601,1.8,38.5,  136 374,  18 949,28,3.52,1.47,27.5,106,  48 773,  25 843,  22 930,10,62.2,59.8,64.7,55.7,53.1,58.2,14.2,12.7,15.5,6.5,5.7,7,  9 903,72.9,"129,188.12",  14 202,106,179,190,167,309,346,270,115,135,94,212,252,170,0,0
37,World,Estimates,World,,900,,,1,0,1986, 4 912 744, 4 958 073, 2 486 673, 2 471 400,38,100.6,22.2,  90 658,18.3,  90 658,1.83,37.9,  139 301,  19 003,28.1,3.5,1.47,27.4,106,  48 644,  25 766,  22 877,9.8,62.7,60.3,65.2,56,53.4,58.5,14.3,12.8,15.6,6.6,5.7,7.1,  9 820,70.8,"132,141.54",  14 010,102,174,185,162,301,338,263,111,131,91,207,246,166,0,0
38,World,Estimates,World,,900,,,1,0,1987, 5 003 402, 5 049 746, 2 533 271, 2 516 476,38.7,100.7,22.4,  92 690,18.4,  92 689,1.84,37.8,  141 347,  18 729,28,3.48,1.46,27.4,106,  48 657,  25 797,  22 860,9.6,63.2,60.8,65.6,56.2,53.6,58.7,14.4,12.9,15.7,6.7,5.8,7.2,  9 673,68.6,"134,281.27",  13 739,99,169,180,158,296,332,258,109,129,89,204,243,163,0,0
39,World,Estimates,World,,900,,,1,0,1988, 5 096 091, 5 141 993, 2 580 079, 2 561 914,39.4,100.7,22.6,  91 803,17.9,  91 803,1.79,38.8,  140 986,  19 076,27.4,3.39,1.43,27.3,107,  49 183,  26 058,  23 125,9.6,63.4,61,65.8,56.3,53.7,58.9,14.5,13,15.8,6.7,5.8,7.2,  9 590,68,"133,999.06",  13 684,98,168,178,156,293,329,255,108,127,88,202,240,161,0,0
40,World,Estimates,World,,900,,,1,0,1989, 5 187 894, 5 234 432, 2 627 005, 2 607 427,40.1,100.8,22.8,  93 071,17.8,  93 076,1.78,39,  142 249,  19 262,27.2,3.35,1.41,27.3,107,  49 178,  26 069,  23 109,9.4,63.8,61.4,66.3,56.5,53.9,59.1,14.6,13.1,15.9,6.8,5.9,7.3,  9 399,66.2,"135,367.45",  13 358,95,163,174,152,288,324,250,106,125,87,199,237,159,0,0
41,World,Estimates,World,,900,,,1,0,1990, 5 280 970, 5 327 803, 2 674 705, 2 653 098,40.9,100.8,22.9,  93 667,17.6,  93 667,1.76,39.4,  143 461,  18 938,26.9,3.31,1.4,27.2,107,  49 794,  26 389,  23 406,9.3,64,61.5,66.4,56.5,54,59.1,14.7,13.1,15.9,6.8,5.9,7.3,  9 295,64.9,"136,646.57",  13 205,93,162,173,150,286,322,248,106,125,86,199,237,158,0,0
42,World,Estimates,World,,900,,,1,0,1991, 5 374 637, 5 418 736, 2 721 137, 2 697 599,41.6,100.9,23.1,  88 198,16.3,  88 198,1.63,42.6,  138 307,  18 948,25.5,3.13,1.32,27.1,107,  50 108,  26 547,  23 562,9.2,64.1,61.6,66.5,56.6,54.1,59.2,14.7,13.2,16,6.8,5.9,7.4,  9 038,64.9,"131,744.71",  12 953,93,161,172,150,285,320,247,106,124,86,197,235,158,0,0
43,World,Estimates,World,,900,,,1,0,1992, 5 462 835, 5 505 990, 2 765 447, 2 740 543,42.2,100.9,23.3,  86 309,15.7,  86 309,1.57,44.2,  136 591,  18 783,24.8,3.04,1.29,27.1,107,  50 282,  26 689,  23 592,9.1,64.3,61.8,66.8,56.7,54.1,59.3,14.8,13.3,16.1,6.9,6,7.4,  8 772,64.1,"130,195.18",  12 566,91,159,170,148,282,319,244,106,125,85,197,236,156,0,0
44,World,Estimates,World,,900,,,1,0,1993, 5 549 145, 5 591 545, 2 809 184, 2 782 361,42.9,101,23.5,  84 800,15.2,  84 800,1.52,45.7,  135 632,  18 608,24.3,2.98,1.27,27.1,107,  50 832,  27 026,  23 806,9.1,64.4,61.9,67,56.7,54.1,59.3,14.8,13.3,16.1,6.9,6,7.4,  8 532,62.9,"129,399.18",  12 179,89,157,169,146,281,319,241,106,126,85,197,237,155,0,0
45,World,Estimates,World,,900,,,1,0,1994, 5 633 945, 5 675 551, 2 851 675, 2 823 876,43.5,101,23.8,  83 212,14.7,  83 212,1.47,47.3,  135 143,  18 540,23.8,2.93,1.25,27.1,107,  51 931,  27 700,  24 231,9.2,64.3,61.8,66.9,56.4,53.8,59.2,14.9,13.4,16.2,6.9,6.1,7.5,  8 377,62,"129,018.10",  11 943,88,160,172,147,286,325,245,112,134,89,204,245,160,0,0
46,World,Estimates,World,,900,,,1,0,1995, 5 717 157, 5 758 879, 2 893 336, 2 865 543,44.2,101,24,  83 443,14.5,  83 443,1.45,47.8,  134 850,  18 677,23.4,2.89,1.23,27,107,  51 407,  27 350,  24 057,8.9,64.9,62.4,67.5,56.9,54.3,59.6,15,13.5,16.3,7,6.1,7.5,  8 192,60.8,"128,852.83",  11 636,86,153,165,142,276,314,237,105,125,83,195,235,153,0,0
47,World,Estimates,World,,900,,,1,0,1996, 5 800 600, 5 842 056, 2 935 092, 2 906 963,44.8,101,24.2,  82 910,14.2,  82 910,1.42,48.8,  134 321,  18 421,23,2.85,1.21,27,107,  51 411,  27 312,  24 099,8.8,65.2,62.7,67.7,57.1,54.6,59.7,15.1,13.6,16.4,7,6.2,7.6,  8 009,59.6,"128,455.94",  11 360,84,151,162,140,272,308,233,103,123,83,192,230,151,0,0
48,World,Estimates,World,,900,,,1,0,1997, 5 883 511, 5 924 788, 2 976 691, 2 948 097,45.4,101,24.4,  82 554,13.9,  82 554,1.39,49.8,  133 986,  18 348,22.6,2.81,1.2,27.1,107,  51 432,  27 278,  24 154,8.7,65.5,63.1,68,57.3,54.8,59.9,15.2,13.7,16.5,7.1,6.2,7.6,  7 813,58.3,"128,236.71",  11 069,83,149,159,138,267,302,230,102,120,82,188,225,149,0,0
49,World,Estimates,World,,900,,,1,0,1998, 5 966 065, 6 007 067, 3 018 501, 2 988 566,46.1,101,24.7,  82 004,13.7,  82 004,1.37,50.8,  133 858,  18 511,22.3,2.78,1.19,27.1,107,  51 854,  27 508,  24 345,8.6,65.7,63.3,68.2,57.4,54.9,60,15.3,13.8,16.6,7.1,6.3,7.6,  7 646,57.1,"128,201.50",  10 834,81,147,158,137,264,299,228,102,121,82,187,223,148,0,0
50,World,Estimates,World,,900,,,1,0,1999, 6 048 069, 6 089 006, 3 060 198, 3 028 809,46.7,101,24.9,  81 875,13.4,  81 875,1.35,51.5,  134 059,  18 560,22,2.75,1.18,27.1,107,  52 184,  27 691,  24 492,8.6,66,63.6,68.5,57.5,55,60.1,15.3,13.9,16.6,7.1,6.3,7.6,  7 430,55.5,"128,526.86",  10 464,78,144,154,133,260,296,223,101,120,81,185,222,147,0,0
51,World,Estimates,World,,900,,,1,0,2000, 6 129 944, 6 171 703, 3 102 258, 3 069 445,47.3,101.1,25.1,  83 518,13.5,  83 518,1.35,51.2,  135 758,  18 663,22,2.75,1.19,27.1,108,  52 240,  27 744,  24 496,8.5,66.4,64,68.9,57.7,55.2,60.3,15.5,14,16.7,7.2,6.4,7.7,  7 267,53.7,"130,304.23",  10 180,76,140,150,130,255,290,219,100,119,80,183,219,144,0,0
52,World,Estimates,World,,900,,,1,0,2001, 6 213 462, 6 254 936, 3 144 579, 3 110 358,48,101.1,25.3,  82 949,13.3,  82 949,1.33,52.3,  135 380,  18 680,21.6,2.71,1.17,27.2,107,  52 431,  27 870,  24 561,8.4,66.8,64.3,69.2,57.9,55.4,60.4,15.6,14.1,16.9,7.3,6.4,7.8,  7 066,52.2,"130,062.68",  9 867,73,137,147,127,252,287,216,99,118,80,181,217,143,0,0
53,World,Estimates,World,,900,,,1,0,2002, 6 296 411, 6 337 730, 3 186 518, 3 151 213,48.6,101.1,25.5,  82 639,13,  82 639,1.3,53.2,  135 396,  18 357,21.4,2.68,1.17,27.2,107,  52 758,  28 068,  24 690,8.3,67.1,64.6,69.6,58,55.5,60.6,15.6,14.2,16.9,7.3,6.5,7.8,  6 853,50.6,"130,211.04",  9 547,71,134,144,124,248,283,211,98,117,79,179,215,141,0,0
54,World,Estimates,World,,900,,,1,0,2003, 6 379 050, 6 420 362, 3 228 411, 3 191 951,49.2,101.1,25.7,  82 624,12.9,  82 624,1.29,53.9,  135 701,  18 057,21.1,2.66,1.16,27.2,107,  53 077,  28 253,  24 824,8.3,67.4,65,69.9,58.1,55.6,60.7,15.7,14.2,17,7.3,6.5,7.8,  6 626,48.8,"130,656.98",  9 200,68,131,140,121,244,279,207,97,116,78,177,214,139,0,0
55,World,Estimates,World,,900,,,1,0,2004, 6 461 673, 6 503 378, 3 270 594, 3 232 784,49.9,101.2,25.9,  83 409,12.8,  83 409,1.28,54,  136 596,  17 324,21,2.65,1.16,27.3,107,  53 188,  28 366,  24 821,8.2,67.7,65.3,70.3,58.3,55.8,60.9,15.9,14.4,17.2,7.5,6.6,8,  6 435,47.2,"131,663.42",  8 936,66,128,138,118,241,276,204,97,115,78,176,212,138,0,0
56,World,Estimates,World,,900,,,1,0,2005, 6 545 082, 6 586 970, 3 313 000, 3 273 970,50.5,101.2,26.1,  83 776,12.7,  83 776,1.27,54.5,  137 166,  16 349,20.8,2.63,1.15,27.4,107,  53 390,  28 538,  24 852,8.1,68.1,65.7,70.7,58.5,56,61.1,15.9,14.5,17.2,7.5,6.6,8,  6 228,45.4,"132,364.63",  8 605,63,124,134,114,236,271,198,95,114,76,173,210,135,0,0
57,World,Estimates,World,,900,,,1,0,2006, 6 628 858, 6 671 452, 3 355 913, 3 315 539,51.2,101.2,26.3,  85 188,12.8,  85 188,1.28,54.3,  138 469,  16 056,20.8,2.63,1.16,27.5,107,  53 282,  28 508,  24 774,8,68.6,66.1,71.2,58.8,56.3,61.4,16.1,14.6,17.4,7.6,6.7,8.1,  6 036,43.7,"133,780.85",  8 294,60,120,130,110,230,265,192,93,111,74,170,206,131,0,0
58,World,Estimates,World,,900,,,1,0,2007, 6 714 046, 6 757 309, 3 399 561, 3 357 748,51.8,101.2,26.5,  86 526,12.8,  86 526,1.28,54.2,  139 936,  15 971,20.7,2.62,1.16,27.5,107,  53 410,  28 593,  24 817,7.9,69,66.5,71.6,59,56.5,61.6,16.2,14.7,17.5,7.6,6.8,8.2,  5 863,42,"135,352.69",  8 024,58,117,127,106,224,260,187,91,109,72,166,203,129,0,0
59,World,Estimates,World,,900,,,1,0,2008, 6 800 572, 6 844 458, 3 443 714, 3 400 743,52.5,101.3,26.7,  87 772,12.8,  87 772,1.28,54.1,  141 759,  16 253,20.7,2.63,1.16,27.6,107,  53 987,  28 905,  25 082,7.9,69.3,66.8,71.9,59.2,56.6,61.7,16.3,14.8,17.6,7.6,6.8,8.2,  5 721,40.4,"137,260.30",  7 821,56,114,124,104,221,257,185,90,108,71,165,201,128,0,0
60,World,Estimates,World,,900,,,1,0,2009, 6 888 344, 6 932 766, 3 488 237, 3 444 530,53.2,101.3,27,  88 846,12.8,  88 846,1.28,54.1,  142 968,  15 853,20.6,2.62,1.16,27.6,107,  54 123,  29 070,  25 052,7.8,69.7,67.1,72.3,59.4,56.8,62,16.4,15,17.7,7.7,6.9,8.3,  5 584,39.1,"138,557.08",  7 625,54,111,122,100,217,252,180,88,106,69,162,198,125,0,0
61,World,Estimates,World,,900,,,1,0,2010, 6 977 189, 7 021 732, 3 533 139, 3 488 594,53.8,101.3,27.2,  89 086,12.7,  89 086,1.27,54.6,  143 354,  15 530,20.4,2.6,1.16,27.6,107,  54 269,  29 089,  25 179,7.7,70.1,67.6,72.7,59.6,57.1,62.2,16.5,15.1,17.8,7.8,6.9,8.3,  5 405,37.7,"139,066.75",  7 351,52,107,117,97,211,246,176,85,103,68,159,194,122,0,0
62,World,Estimates,World,,900,,,1,0,2011, 7 066 275, 7 110 924, 3 578 459, 3 532 465,54.5,101.3,27.4,  89 297,12.6,  89 297,1.26,55.2,  143 879,  15 399,20.2,2.59,1.16,27.7,107,  54 581,  29 313,  25 268,7.7,70.4,67.9,73,59.8,57.3,62.4,16.7,15.2,18,7.8,7,8.4,  5 290,36.8,"139,666.42",  7 213,50,105,115,94,208,242,172,83,100,66,156,191,120,0,0
63,World,Estimates,World,,900,,,1,0,2012, 7 155 572, 7 201 202, 3 624 480, 3 576 723,55.2,101.3,27.6,  91 260,12.7,  91 260,1.27,54.7,  146 055,  15 352,20.3,2.61,1.17,27.7,107,  54 795,  29 433,  25 362,7.6,70.8,68.3,73.4,60,57.5,62.6,16.8,15.3,18.1,7.9,7,8.4,  5 097,35,"141,961.30",  6 899,48,101,111,90,203,236,167,81,98,64,153,188,118,0,0
64,World,Estimates,World,,900,,,1,0,2013, 7 246 832, 7 291 794, 3 670 601, 3 621 192,55.9,101.4,27.8,  89 922,12.3,  89 922,1.23,56.2,  145 015,  15 017,19.9,2.57,1.16,27.7,107,  55 093,  29 608,  25 484,7.6,71.1,68.6,73.7,60.2,57.7,62.8,16.9,15.4,18.2,8,7.1,8.5,  4 923,33.9,"141,052.49",  6 659,46,98,108,88,199,233,164,80,97,63,151,185,116,0,0
65,World,Estimates,World,,900,,,1,0,2014, 7 336 755, 7 381 616, 3 716 191, 3 665 425,56.6,101.4,28.1,  89 723,12.2,  89 723,1.22,57,  145 268,  14 458,19.7,2.56,1.16,27.8,107,  55 545,  29 900,  25 646,7.5,71.4,68.9,74,60.4,57.9,63,17,15.5,18.3,8,7.2,8.6,  4 778,32.9,"141,408.65",  6 486,45,96,107,86,196,230,162,79,96,62,150,183,115,0,0
66,World,Estimates,World,,900,,,1,0,2015, 7 426 478, 7 470 492, 3 761 327, 3 709 165,57.3,101.4,28.3,  88 028,11.8,  88 028,1.18,58.8,  144 334,  13 526,19.3,2.54,1.15,28,107,  56 306,  30 279,  26 027,7.5,71.6,69.1,74.2,60.5,58,63.1,17.1,15.6,18.4,8,7.2,8.6,  4 638,32.1,"140,578.03",  6 298,44,95,105,84,194,227,159,78,95,61,148,181,114,0,0
67,World,Estimates,World,,900,,,1,0,2016, 7 514 506, 7 558 555, 3 805 832, 3 752 722,58,101.4,28.5,  88 097,11.7,  88 097,1.17,59.4,  144 854,  13 015,19.2,2.54,1.15,28.1,107,  56 757,  30 580,  26 177,7.5,71.9,69.3,74.5,60.7,58.1,63.3,17.2,15.7,18.5,8.1,7.3,8.7,  4 501,31.1,"141,189.80",  6 105,42,92,103,81,191,224,157,77,94,60,147,179,113,0,0
68,World,Estimates,World,,900,,,1,0,2017, 7 602 603, 7 645 618, 3 849 386, 3 796 232,58.6,101.4,28.8,  86 030,11.3,  86 030,1.13,61.6,  143 602,  12 788,18.8,2.5,1.14,28.2,107,  57 572,  31 082,  26 490,7.5,72.1,69.5,74.7,60.8,58.2,63.4,17.2,15.7,18.6,8.1,7.3,8.7,  4 358,30.3,"140,051.91",  5 920,41,91,101,79,188,221,154,76,93,59,145,178,111,0,0
69,World,Estimates,World,,900,,,1,0,2018, 7 688 633, 7 729 903, 3 891 359, 3 838 544,59.3,101.4,29,  82 540,10.7,  82 540,1.07,64.9,  140 333,  12 564,18.2,2.44,1.11,28.2,106,  57 793,  31 141,  26 652,7.5,72.4,69.8,75,61,58.5,63.6,17.4,15.9,18.7,8.2,7.4,8.8,  4 182,29.7,"136,913.36",  5 649,40,88,98,77,184,216,151,74,91,57,143,174,110,0,0
70,World,Estimates,World,,900,,,1,0,2019, 7 771 173, 7 811 294, 3 931 909, 3 879 385,59.9,101.4,29.3,  80 242,10.3,  80 242,1.03,67.5,  138 597,  12 391,17.7,2.4,1.09,28.2,106,  58 355,  31 456,  26 899,7.5,72.6,70.1,75.2,61.1,58.6,63.7,17.4,15.9,18.8,8.3,7.5,8.9,  4 047,29.2,"135,270.19",  5 467,39,86,96,75,182,213,149,73,89,57,141,172,108,0,0
71,World,Estimates,World,,900,,,1,0,2020, 7 851 415, 7 887 001, 3 969 229, 3 917 772,60.5,101.3,29.6,  71 173,9,  71 173,0.9,76.8,  134 720,  12 178,17.1,2.32,1.06,28.2,106,  63 546,  34 553,  28 994,8.1,71.9,69.3,74.7,60.3,57.7,63.1,16.8,15.2,18.3,7.9,7,8.6,  3 883,28.7,"131,523.99",  5 240,38,84,94,73,187,220,152,74,91,57,147,180,112,0,0
72,World,Estimates,World,,900,,,1,0,2021, 7 922 588, 7 954 448, 4 002 148, 3 952 300,61,101.3,29.8,  63 721,8,  63 721,0.8,86.5,  133 449,  12 111,16.8,2.29,1.05,28.2,106,  69 728,  37 491,  32 238,8.8,70.9,68.3,73.5,59.2,56.7,61.8,16.2,14.8,17.5,7.7,6.9,8.3,  3 788,28.4,"130,312.51",  5 107,38,87,98,76,203,238,167,84,102,65,165,199,129,0,0
73,World,Estimates,World,,900,,,1,0,2022, 7 986 309, 8 021 407, 4 035 008, 3 986 399,61.5,101.2,30.1,  70 197,8.8,  70 197,0.88,79.2,  132 475,  12 089,16.5,2.27,1.04,28.2,106,  62 279,  33 749,  28 529,7.8,72.6,70,75.4,61,58.5,63.7,17.3,15.8,18.7,8.2,7.3,8.8,  3 735,28.2,"129,379.86",  5 055,38,84,95,73,180,212,146,73,90,56,140,172,107,0,0
74,World,Estimates,World,,900,,,1,0,2023, 8 056 506, 8 091 735, 4 069 352, 4 022 383,62.1,101.2,30.4,  70 459,8.7,  70 459,0.87,79.6,  132 110,  12 151,16.3,2.25,1.04,28.2,106,  61 652,  33 384,  28 267,7.6,73.2,70.5,75.9,61.5,58.9,64.1,17.6,16,19,8.3,7.4,9,  3 603,27.3,"129,102.83",  4 825,36,81,92,70,174,205,140,71,86,54,135,166,103,0,0
10069,Country/Area,Estimates,Armenia,,51,ARM,AM,51,922,1950,  1 366,  1 383,662,721,48.6,91.8,21.1,24,17.5,33,2.4,28.9,48,3,34.5,4.9,1.89,30.2,106,23,12,11,17,54.6,51.6,57.6,52.5,50.2,54.8,12,11.4,12.4,5.1,4.9,5.2,7,139.1,43.032,8,182,260,291,229,400,455,342,140,175,110,253,308,199,9,6.5
10070,Country/Area,Estimates,Armenia,,51,ARM,AM,51,922,1951,  1 399,  1 417,679,738,49.8,92.1,21.4,26,18.5,36,2.51,27.6,50,3,35.2,4.85,1.88,30.2,107,24,12,11,16.6,55,52.1,58,52.7,50.4,55,12,11.4,12.5,5.1,4.9,5.2,7,136.2,45.09,9,177,253,285,223,392,448,335,137,172,107,249,303,196,9,6.6
10071,Country/Area,Estimates,Armenia,,51,ARM,AM,51,922,1952,  1 435,  1 454,698,756,51.1,92.3,21.6,28,19.5,38,2.62,26.5,52,3,35.8,4.81,1.88,30.2,107,24,12,11,16.3,55.5,52.6,58.5,52.9,50.6,55.2,12,11.5,12.5,5.1,4.9,5.3,7,133.2,47.185,9,173,247,278,217,385,441,329,134,168,104,245,299,192,10,6.7
10072,Country/Area,Estimates,Armenia,,51,ARM,AM,51,922,1953,  1 473,  1 494,718,775,52.5,92.6,21.8,31,20.6,41,2.74,25.3,55,3,36.5,4.79,1.88,30.2,107,24,13,11,15.9,56,53.1,59,53.1,50.7,55.3,12.1,11.5,12.6,5.1,4.9,5.3,7,130.3,49.554,9,169,241,272,211,378,434,322,131,165,102,240,295,188,10,6.8
10073,Country/Area,Estimates,Armenia,,51,ARM,AM,51,922,1954,  1 514,  1 536,740,796,54,92.9,21.9,33,21.7,44,2.86,24.2,57,3,37.3,4.8,1.9,30.2,107,24,13,11,15.6,56.4,53.5,59.4,53.2,50.9,55.5,12.1,11.5,12.6,5.1,4.9,5.3,7,127.4,52.181,9,164,235,266,206,371,427,315,128,162,99,236,291,185,11,6.9
10074,Country/Area,Estimates,Armenia,,51,ARM,AM,51,922,1955,  1 558,  1 582,763,819,55.6,93.1,21.9,36,22.8,47,2.98,23.3,60,4,38.1,4.8,1.91,30.1,107,24,13,11,15.3,56.9,54,59.9,53.4,51.1,55.7,12.1,11.6,12.6,5.1,4.9,5.3,7,124.5,54.936,9,160,230,260,200,363,420,309,125,159,96,232,287,181,11,7
10075,Country/Area,Estimates,Armenia,,51,ARM,AM,51,922,1956,  1 605,  1 631,787,843,57.3,93.4,21.8,40,24.5,51,3.16,21.9,64,4,39.5,4.89,1.96,30.1,106,24,13,11,15,57.4,54.4,60.3,53.6,51.2,55.9,12.2,11.6,12.7,5.1,4.9,5.3,8,121.6,58.921,10,156,224,254,194,357,414,302,123,156,94,227,283,178,11,7
10076,Country/Area,Estimates,Armenia,,51,ARM,AM,51,922,1957,  1 657,  1 684,814,870,59.2,93.6,21.8,43,25.7,55,3.27,21.2,68,4,40.4,4.92,1.98,30.1,106,25,13,12,14.6,57.8,54.9,60.8,53.8,51.4,56.1,12.2,11.6,12.7,5.2,4.9,5.3,8,118.7,62.345,10,151,218,248,188,350,407,295,120,153,91,223,279,174,12,7
10077,Country/Area,Estimates,Armenia,,51,ARM,AM,51,922,1958,  1 712,  1 741,843,898,61.2,93.9,21.9,46,26.6,58,3.35,20.7,71,4,40.9,4.91,1.99,30.1,106,25,13,12,14.3,58.2,55.3,61.2,53.9,51.5,56.2,12.2,11.6,12.8,5.2,4.9,5.3,8,115.8,65.388,10,147,213,242,183,343,401,289,117,151,88,220,276,170,12,6.9
10078,Country/Area,Estimates,Armenia,,51,ARM,AM,51,922,1959,  1 770,  1 801,873,928,63.3,94.1,21.9,50,27.5,62,3.44,20.2,75,3,41.4,4.87,1.98,29.8,106,25,13,12,13.9,58.7,55.7,61.7,54.1,51.7,56.4,12.3,11.7,12.8,5.2,4.9,5.3,8,112.9,68.64,10,143,207,237,177,336,395,282,115,148,86,216,272,167,12,6.9
10079,Country/Area,Estimates,Armenia,,51,ARM,AM,51,922,1960,  1 832,  1 864,905,959,65.5,94.4,22,52,27.7,64,3.41,20.3,77,3,41.2,4.79,1.96,29.6,106,25,13,12,13.5,59.1,56.1,62.2,54.3,51.8,56.6,12.3,11.7,12.9,5.2,4.9,5.4,8,110,70.859,10,139,202,231,172,330,389,275,112,146,83,212,269,163,12,6.3
10080,Country/Area,Estimates,Armenia,,51,ARM,AM,51,922,1961,  1 895,  1 927,937,991,67.7,94.6,22.1,52,27,64,3.32,20.9,77,2,39.9,4.67,1.93,29.3,106,25,13,12,12.9,59.6,56.5,62.6,54.5,52,56.8,12.3,11.7,13,5.2,5,5.4,8,107.2,71.136,10,135,196,226,167,323,383,269,110,143,81,209,266,160,12,6.3
10081,Country/Area,Estimates,Armenia,,51,ARM,AM,51,922,1962,  1 960,  1 992,969,  1 023,70,94.8,22.1,50,25.3,64,3.23,21.4,75,2,37.7,4.52,1.88,29.2,106,25,13,11,12.3,60,56.9,63,54.6,52.1,57,12.4,11.7,13,5.2,5,5.4,8,104.4,69.536,10,131,191,220,162,317,377,263,108,141,79,205,263,156,14,7
10082,Country/Area,Estimates,Armenia,,51,ARM,AM,51,922,1963,  2 024,  2 056,  1 001,  1 055,72.2,95,22,48,23.4,64,3.13,22.2,72,2,35.1,4.35,1.81,28.8,106,24,13,11,11.7,60.4,57.3,63.5,54.8,52.2,57.2,12.4,11.8,13.1,5.2,5,5.4,7,101.7,66.946,9,127,186,215,157,311,371,256,106,138,76,202,260,153,16,7.9
10083,Country/Area,Estimates,Armenia,,51,ARM,AM,51,922,1964,  2 088,  2 120,  1 034,  1 087,74.5,95.1,21.7,45,21.2,64,3.02,23,68,3,32.2,4.15,1.74,28.6,106,23,13,11,11,60.8,57.7,63.9,54.9,52.4,57.3,12.5,11.8,13.1,5.2,5,5.4,7,99,63.559,9,123,181,210,152,306,366,250,104,136,74,199,257,150,19,9
10084,Country/Area,Estimates,Armenia,,51,ARM,AM,51,922,1965,  2 152,  2 184,  1 065,  1 118,76.7,95.2,21.1,42,19.4,63,2.89,24,65,3,29.8,3.99,1.68,28.5,106,23,12,10,10.5,61.2,58.1,64.3,55.1,52.5,57.5,12.5,11.8,13.2,5.2,5,5.4,6,96.4,60.721,8,120,177,205,147,300,361,245,102,134,72,196,254,147,21,9.5
10085,Country/Area,Estimates,Armenia,,51,ARM,AM,51,922,1966,  2 215,  2 246,  1 096,  1 150,78.9,95.4,20.3,40,17.7,62,2.76,25.1,62,4,27.7,3.83,1.62,28.3,106,22,12,10,10,61.6,58.4,64.7,55.2,52.6,57.6,12.6,11.8,13.2,5.3,5,5.5,6,93.9,58.116,8,116,172,201,143,295,356,239,100,133,70,194,252,144,22,9.9
10086,Country/Area,Estimates,Armenia,,51,ARM,AM,51,922,1967,  2 277,  2 307,  1 127,  1 181,81.1,95.4,19.9,39,16.8,61,2.63,26.3,61,4,26.3,3.73,1.59,28.2,106,22,12,10,9.6,61.9,58.7,65,55.3,52.6,57.8,12.6,11.8,13.3,5.3,5,5.5,6,91.5,56.823,7,113,168,197,139,290,352,234,99,131,69,192,250,141,22,9.5
10087,Country/Area,Estimates,Armenia,,51,ARM,AM,51,922,1968,  2 338,  2 367,  1 157,  1 211,83.2,95.5,19.8,38,16.1,59,2.49,27.8,60,5,25.3,3.62,1.55,28,106,22,12,10,9.2,62.2,59,65.3,55.4,52.7,57.9,12.6,11.9,13.3,5.3,5,5.5,5,89.1,56.233,7,110,165,193,135,286,348,230,98,130,67,190,249,139,21,8.8
10088,Country/Area,Estimates,Armenia,,51,ARM,AM,51,922,1969,  2 397,  2 424,  1 185,  1 239,85.2,95.6,19.9,37,15.4,54,2.25,30.8,59,5,24.4,3.49,1.5,27.9,106,22,12,10,9,62.5,59.3,65.7,55.5,52.7,58,12.7,11.9,13.4,5.3,5,5.5,5,86.8,55.488,6,106,161,189,132,282,345,225,97,130,66,189,248,137,17,7.1
10089,Country/Area,Estimates,Armenia,,51,ARM,AM,51,922,1970,  2 451,  2 476,  1 210,  1 265,87,95.7,20.1,36,14.6,49,1.97,35.2,58,5,23.3,3.33,1.43,27.8,106,22,12,10,8.7,62.8,59.5,66,55.5,52.8,58.1,12.7,11.9,13.4,5.3,5,5.5,5,84.6,54.274,6,103,158,186,128,279,342,222,97,129,65,188,248,136,13,5.1
10090,Country/Area,Estimates,Armenia,,51,ARM,AM,51,922,1971,  2 500,  2 525,  1 234,  1 291,88.7,95.6,20.2,37,14.5,51,2.01,34.5,58,5,23.1,3.29,1.42,27.7,106,22,12,10,8.6,63,59.7,66.2,55.6,52.8,58.2,12.7,11.9,13.5,5.3,5,5.5,5,82.4,54.911,6,101,155,183,125,276,339,218,97,129,64,187,248,134,14,5.6
10091,Country/Area,Estimates,Armenia,,51,ARM,AM,51,922,1972,  2 551,  2 577,  1 259,  1 318,90.5,95.5,20.4,37,14.3,53,2.05,33.8,59,5,22.8,3.2,1.39,27.4,106,22,12,10,8.5,63.2,59.9,66.5,55.6,52.8,58.3,12.8,11.9,13.5,5.3,5,5.5,5,80.3,55.469,6,98,152,181,122,274,337,215,97,130,64,187,248,133,16,6.1
10092,Country/Area,Estimates,Armenia,,51,ARM,AM,51,922,1973,  2 603,  2 631,  1 284,  1 347,92.4,95.4,20.6,37,14.2,55,2.08,33.3,59,6,22.6,3.08,1.34,27.1,106,22,12,10,8.4,63.5,60.1,66.7,55.7,52.7,58.3,12.8,11.9,13.5,5.3,5.1,5.6,5,78.2,56.146,6,95,149,178,119,271,335,212,97,130,63,187,248,132,17,6.6
10093,Country/Area,Estimates,Armenia,,51,ARM,AM,51,922,1974,  2 658,  2 686,  1 310,  1 376,94.4,95.2,20.8,38,14.3,56,2.1,33,61,6,22.6,2.98,1.3,26.9,106,22,12,10,8.3,63.7,60.3,67,55.7,52.7,58.4,12.8,11.9,13.6,5.3,5.1,5.6,5,76,57.458,6,92,146,175,117,269,333,209,97,131,62,187,249,132,18,6.7
10094,Country/Area,Estimates,Armenia,,51,ARM,AM,51,922,1975,  2 715,  2 744,  1 337,  1 407,96.4,95.1,21,40,14.7,58,2.12,32.8,63,7,22.9,2.92,1.28,26.8,106,23,12,10,8.3,63.9,60.5,67.2,55.7,52.7,58.5,12.9,11.9,13.6,5.4,5.1,5.6,5,73.7,59.611,6,89,143,173,114,267,332,206,97,131,62,187,250,131,18,6.5
10095,Country/Area,Estimates,Armenia,,51,ARM,AM,51,922,1976,  2 773,  2 818,  1 367,  1 451,99,94.3,21.2,42,14.9,91,3.23,21.5,65,7,23.1,2.84,1.25,26.6,106,23,13,10,8.2,64.1,60.7,67.5,55.7,52.7,58.5,12.9,11.9,13.7,5.4,5.1,5.6,5,71.4,61.71,6,86,140,170,111,265,330,203,97,132,61,188,250,130,49,17.4
10096,Country/Area,Estimates,Armenia,,51,ARM,AM,51,922,1977,  2 864,  2 913,  1 402,  1 510,102.3,92.8,21.3,45,15.6,98,3.38,20.5,69,8,23.7,2.74,1.21,26.3,106,24,13,11,8.1,64.4,60.9,67.8,55.8,52.7,58.6,12.9,11.9,13.7,5.4,5.1,5.6,5,69,65.504,6,83,137,167,107,262,328,199,96,132,61,187,251,129,53,18.2
10097,Country/Area,Estimates,Armenia,,51,ARM,AM,51,922,1978,  2 962,  3 013,  1 440,  1 573,105.8,91.5,21.5,48,16,102,3.37,20.6,73,9,24.1,2.62,1.16,26.1,106,24,13,11,8,64.7,61.1,68.1,55.9,52.7,58.7,13,11.9,13.8,5.4,5.1,5.7,5,66.6,68.941,6,80,134,164,104,258,325,196,95,132,60,186,251,128,53,17.7
10098,Country/Area,Estimates,Armenia,,51,ARM,AM,51,922,1979,  3 064,  3 079,  1 467,  1 611,108.2,91.1,21.8,52,17,30,0.97,71.6,77,9,25.1,2.53,1.12,25.9,106,25,13,11,8,65,61.4,68.4,56,52.7,58.8,13,11.9,13.8,5.4,5.1,5.7,5,64.1,73.424,6,77,130,160,101,254,322,192,94,131,60,185,250,127,-23,-7.4
10099,Country/Area,Estimates,Armenia,,51,ARM,AM,51,922,1980,  3 093,  3 107,  1 483,  1 625,109.2,91.3,22.2,54,17.4,28,0.9,76.8,79,9,25.4,2.48,1.11,25.7,106,25,13,11,8,65.4,61.7,68.7,56.1,52.8,58.9,13.1,12,13.9,5.5,5.1,5.7,5,61.7,75.291,6,74,126,156,98,250,317,188,93,129,59,184,248,126,-26,-8.4
10100,Country/Area,Estimates,Armenia,,51,ARM,AM,51,922,1981,  3 121,  3 135,  1 497,  1 639,110.2,91.3,22.6,56,18,28,0.89,78.1,81,9,26,2.48,1.11,25.5,106,25,13,12,8,65.7,62.1,69,56.2,53,59,13.2,12,14,5.5,5.1,5.7,5,59.4,77.652,6,71,122,151,95,246,311,184,91,126,58,182,244,124,-28,-9.1
10101,Country/Area,Estimates,Armenia,,51,ARM,AM,51,922,1982,  3 149,  3 163,  1 511,  1 653,111.1,91.4,23,59,18.5,28,0.88,78.9,84,9,26.5,2.5,1.12,25.4,106,25,13,12,8,66.1,62.5,69.3,56.4,53.2,59.1,13.2,12.1,14,5.5,5.2,5.8,5,57.1,80.08,6,68,118,145,92,241,304,181,89,123,58,179,239,123,-31,-9.8
10102,Country/Area,Estimates,Armenia,,51,ARM,AM,51,922,1983,  3 177,  3 192,  1 525,  1 667,112.1,91.5,23.3,61,19.1,29,0.91,76.2,86,9,27,2.56,1.15,25.2,106,25,13,12,7.9,66.5,63,69.6,56.5,53.5,59.2,13.3,12.1,14.1,5.6,5.2,5.8,5,55,82.604,5,65,114,140,89,236,297,177,87,119,57,176,234,122,-32,-10
10103,Country/Area,Estimates,Armenia,,51,ARM,AM,51,922,1984,  3 206,  3 225,  1 541,  1 684,113.3,91.5,23.7,62,19.3,37,1.15,60.4,88,9,27.1,2.6,1.18,25.2,106,25,13,12,7.9,66.8,63.4,69.9,56.7,53.7,59.3,13.4,12.2,14.2,5.6,5.2,5.8,5,52.9,83.835,5,62,110,135,86,231,289,173,85,115,56,173,228,120,-25,-7.8
10104,Country/Area,Estimates,Armenia,,51,ARM,AM,51,922,1985,  3 243,  3 260,  1 558,  1 703,114.5,91.5,24.1,63,19.2,35,1.07,65,88,9,27,2.64,1.2,25.2,106,25,13,12,7.8,67.1,63.8,70.2,56.9,53.9,59.5,13.5,12.2,14.2,5.6,5.2,5.9,4,50.9,84.41,5,60,107,131,83,226,284,170,83,112,55,171,224,119,-28,-8.5
10105,Country/Area,Estimates,Armenia,,51,ARM,AM,51,922,1986,  3 278,  3 295,  1 573,  1 722,115.8,91.4,24.4,62,18.7,34,1.03,67.1,87,9,26.5,2.66,1.21,25.1,106,26,13,12,7.8,67.4,64,70.5,57,54,59.6,13.5,12.3,14.3,5.6,5.2,5.9,4,49,83.915,5,58,104,128,80,223,280,167,82,111,55,169,223,118,-28,-8.4
10106,Country/Area,Estimates,Armenia,,51,ARM,AM,51,922,1987,  3 312,  3 329,  1 588,  1 740,116.9,91.3,24.7,60,18.1,33,1,69.3,86,9,25.8,2.66,1.21,25.1,107,26,14,12,7.7,67.6,64.1,70.7,57,53.9,59.7,13.6,12.3,14.4,5.7,5.3,5.9,4,47.2,82.671,5,55,102,127,78,221,280,164,82,113,54,169,224,116,-27,-8.1
10107,Country/Area,Estimates,Armenia,,51,ARM,AM,51,922,1988,  3 345,  3 355,  1 600,  1 755,117.9,91.2,25,33,9.9,20,0.59,116.9,84,9,25.1,2.68,1.02,25,106,51,24,27,15.2,52.7,51.7,53.6,47,45.8,48,11.7,10.8,12.3,5,4.7,5.2,5,62.6,80.311,9,102,296,295,297,480,502,460,249,256,242,380,406,356,-13,-4
10108,Country/Area,Estimates,Armenia,,51,ARM,AM,51,922,1989,  3 365,  3 443,  1 644,  1 799,121,91.4,25.3,58,16.7,156,4.53,15.3,84,10,24.3,2.71,1.24,25.2,106,26,14,12,7.6,67.7,64,71.2,56.8,53.5,59.9,13.6,12.2,14.5,5.7,5.3,6,4,43.6,80.689,4,51,100,128,73,222,287,158,86,121,52,174,235,115,99,28.6
10109,Country/Area,Estimates,Armenia,,51,ARM,AM,51,922,1990,  3 521,  3 552,  1 699,  1 853,124.8,91.7,25.6,60,16.9,62,1.75,39.7,87,11,24.6,2.71,1.24,25.2,106,27,15,13,7.7,67.7,63.8,71.5,56.7,53.1,59.9,13.6,12.1,14.6,5.8,5.3,6,4,41.9,84.295,4,49,99,129,70,224,292,156,88,127,52,177,243,114,2,0.6
10110,Country/Area,Estimates,Armenia,,51,ARM,AM,51,922,1991,  3 583,  3 614,  1 730,  1 884,127,91.8,25.8,56,15.6,62,1.71,40.6,84,12,23.3,2.64,1.22,25,106,28,15,13,7.7,67.8,63.7,71.7,56.6,52.9,60,13.6,12.1,14.6,5.8,5.3,6.1,3,40.1,81.313,4,47,98,129,67,224,296,153,90,131,51,180,249,113,5,1.5
10111,Country/Area,Estimates,Armenia,,51,ARM,AM,51,922,1992,  3 645,  3 572,  1 709,  1 863,125.5,91.7,26.1,50,14.1,-146,-4.09,...,79,13,22,2.5,1.15,24.6,107,28,15,13,7.9,67.9,63.7,71.9,56.5,52.7,60.1,13.6,12.1,14.7,5.8,5.3,6.1,3,38.5,76.017,4,45,96,127,65,225,299,151,90,133,50,182,254,113,-196,-54.9
10112,Country/Area,Estimates,Armenia,,51,ARM,AM,51,922,1993,  3 499,  3 453,  1 649,  1 804,121.3,91.4,26.4,36,10.4,-91,-2.64,...,63,12,18.3,2.29,1.05,24.4,108,27,15,12,7.9,68.1,64,72.1,56.6,52.7,60.2,13.7,12.1,14.7,5.8,5.3,6.1,2,36.9,61.236,3,43,92,122,62,222,297,148,89,131,48,182,255,112,-127,-36.8
10113,Country/Area,Estimates,Armenia,,51,ARM,AM,51,922,1994,  3 408,  3 365,  1 605,  1 759,118.2,91.2,26.7,26,7.8,-86,-2.57,...,53,11,15.8,2.08,0.95,24.4,110,27,15,12,8,68.4,64.4,72.4,56.7,52.9,60.3,13.7,12.1,14.8,5.9,5.3,6.2,2,35.3,51.53,2,41,87,114,59,218,293,146,86,127,47,180,253,111,-113,-33.5
10114,Country/Area,Estimates,Armenia,,51,ARM,AM,51,922,1995,  3 321,  3 308,  1 577,  1 731,116.2,91.1,26.9,22,6.8,-28,-0.84,...,49,10,14.8,2.07,0.94,24.6,111,27,14,12,8,68.8,64.8,72.6,56.9,53.1,60.4,13.8,12.1,14.9,5.9,5.4,6.2,2,33.7,47.539,2,39,81,106,56,213,286,143,82,121,46,177,249,110,-50,-15.2
10115,Country/Area,Estimates,Armenia,,51,ARM,AM,51,922,1996,  3 294,  3 279,  1 563,  1 716,115.2,91.1,27.1,21,6.4,-30,-0.91,...,48,10,14.5,2.06,0.93,24.7,113,26,14,12,8.1,69.2,65.3,72.9,57.1,53.5,60.5,13.8,12.2,15,6,5.4,6.3,2,32.2,46.186,2,37,76,98,54,207,279,140,78,115,44,173,244,108,-51,-15.6
10116,Country/Area,Estimates,Armenia,,51,ARM,AM,51,922,1997,  3 264,  3 246,  1 548,  1 699,114,91.1,27.4,17,5.1,-35,-1.08,...,43,8,13.2,1.9,0.85,24.8,115,26,14,12,8.1,69.6,65.8,73.1,57.4,53.8,60.6,13.9,12.3,15,6,5.4,6.3,1,30.8,41.78,2,35,71,90,51,201,271,137,74,108,43,169,237,107,-52,-15.9
10117,Country/Area,Estimates,Armenia,,51,ARM,AM,51,922,1998,  3 229,  3 208,  1 524,  1 685,112.7,90.5,27.7,14,4.5,-41,-1.27,...,40,8,12.6,1.81,0.81,24.9,116,26,14,12,8.1,70,66.4,73.4,57.6,54.2,60.8,14,12.4,15.1,6.1,5.5,6.3,1,29.4,39.402,1,34,66,84,49,195,261,134,70,101,41,164,230,105,-55,-17.2
10118,Country/Area,Estimates,Armenia,,51,ARM,AM,51,922,1999,  3 188,  3 167,  1 493,  1 675,111.3,89.1,28.1,10,3.3,-41,-1.31,...,36,6,11.4,1.53,0.68,25,117,26,13,12,8.1,70.4,66.9,73.7,57.9,54.5,61,14.1,12.5,15.2,6.1,5.5,6.4,1,28.1,35.338,1,32,62,78,46,188,252,130,66,95,40,159,222,103,-52,-16.4
10119,Country/Area,Estimates,Armenia,,51,ARM,AM,51,922,2000,  3 147,  3 126,  1 461,  1 665,109.8,87.8,28.6,11,3.5,-42,-1.34,...,37,6,11.7,1.47,0.65,25.1,117,26,13,12,8.2,70.8,67.3,74,58.2,54.9,61.2,14.2,12.6,15.3,6.2,5.5,6.4,1,26.8,35.646,1,31,59,73,44,182,244,127,63,90,39,154,215,100,-53,-16.9
10120,Country/Area,Estimates,Armenia,,51,ARM,AM,51,922,2001,  3 105,  3 084,  1 434,  1 650,108.4,86.9,29,11,3.5,-41,-1.32,...,36,5,11.7,1.4,0.63,25.1,117,26,13,12,8.3,71.2,67.7,74.3,58.5,55.1,61.4,14.3,12.6,15.5,6.2,5.6,6.5,1,25.5,35.364,1,29,56,69,42,176,237,123,60,86,38,149,209,98,-51,-16.6
10121,Country/Area,Estimates,Armenia,,51,ARM,AM,51,922,2002,  3 064,  3 056,  1 419,  1 636,107.4,86.8,29.3,11,3.6,-17,-0.55,...,37,5,12,1.41,0.63,25.1,117,26,13,13,8.4,71.5,68,74.6,58.7,55.3,61.6,14.4,12.7,15.6,6.2,5.6,6.5,1,24.3,35.829,1,28,53,67,41,172,232,119,58,84,37,146,205,95,-28,-9.1
10122,Country/Area,Estimates,Armenia,,51,ARM,AM,51,922,2003,  3 047,  3 039,  1 411,  1 628,106.8,86.7,29.6,13,4.3,-17,-0.54,...,39,5,12.8,1.47,0.66,25.1,117,26,13,13,8.5,71.7,68.3,74.9,58.8,55.4,61.8,14.4,12.8,15.7,6.3,5.6,6.6,1,23.2,38.206,1,26,51,65,39,169,229,116,58,83,36,144,204,93,-30,-9.7
10123,Country/Area,Estimates,Armenia,,51,ARM,AM,51,922,2004,  3 031,  3 023,  1 403,  1 620,106.2,86.6,29.8,14,4.6,-16,-0.54,...,40,5,13.3,1.49,0.67,25.2,117,26,14,13,8.7,71.9,68.4,75.1,58.9,55.4,62,14.5,12.8,15.8,6.3,5.6,6.6,1,22.1,39.321,1,25,50,63,37,167,228,113,57,84,35,143,204,91,-30,-10
10124,Country/Area,Estimates,Armenia,,51,ARM,AM,51,922,2005,  3 014,  3 006,  1 394,  1 612,105.6,86.5,30,14,4.6,-16,-0.53,...,41,5,13.5,1.49,0.67,25.4,116,27,14,13,8.9,72.1,68.4,75.4,59,55.4,62.2,14.6,12.8,15.9,6.4,5.7,6.7,1,21,39.852,1,24,49,63,36,165,229,109,58,86,34,143,206,89,-30,-10
10125,Country/Area,Estimates,Armenia,,51,ARM,AM,51,922,2006,  2 998,  2 990,  1 386,  1 604,105.1,86.4,30.2,14,4.7,-16,-0.53,...,41,5,13.8,1.49,0.68,25.5,116,27,14,13,9.1,72.2,68.4,75.7,59,55.3,62.3,14.6,12.8,16,6.4,5.7,6.7,1,20,40.489,1,23,48,62,34,164,230,107,59,88,33,143,209,87,-30,-10
10126,Country/Area,Estimates,Armenia,,51,ARM,AM,51,922,2007,  2 982,  2 975,  1 378,  1 597,104.5,86.3,30.4,15,5,-15,-0.51,...,42,4,14.2,1.52,0.69,25.6,116,28,14,13,9.3,72.4,68.5,75.9,59.1,55.3,62.5,14.7,12.9,16.1,6.4,5.7,6.8,1,19,41.64,1,22,47,62,33,163,231,104,59,90,32,143,211,85,-30,-10.1
10127,Country/Area,Estimates,Armenia,,51,ARM,AM,51,922,2008,  2 967,  2 960,  1 368,  1 592,104,86,30.7,15,5.2,-14,-0.49,...,43,4,14.6,1.54,0.7,25.7,115,28,15,13,9.4,72.5,68.5,76.2,59.2,55.2,62.7,14.8,12.9,16.2,6.5,5.7,6.8,1,18.1,42.583,1,21,46,61,32,162,231,101,59,92,32,142,212,83,-30,-10
10128,Country/Area,Estimates,Armenia,,51,ARM,AM,51,922,2009,  2 953,  2 946,  1 357,  1 588,103.5,85.5,31,16,5.4,-15,-0.49,...,44,4,15,1.57,0.72,25.9,115,28,15,14,9.6,72.7,68.6,76.4,59.3,55.3,62.9,14.9,13,16.4,6.5,5.8,6.9,1,17.2,43.422,1,20,45,61,31,159,229,98,59,92,31,141,211,81,-30,-10.3
10129,Country/Area,Estimates,Armenia,,51,ARM,AM,51,922,2010,  2 938,  2 931,  1 346,  1 585,103,84.9,31.3,16,5.3,-14,-0.49,...,44,4,15,1.59,0.72,26.2,115,28,15,14,9.7,72.9,68.8,76.7,59.5,55.4,63.1,15,13,16.5,6.6,5.8,7,1,16.4,43.442,1,19,44,59,29,156,226,95,58,92,30,138,208,79,-30,-10.2
10130,Country/Area,Estimates,Armenia,,51,ARM,AM,51,922,2011,  2 924,  2 923,  1 341,  1 583,102.7,84.7,31.6,16,5.5,-1,-0.04,...,45,4,15.3,1.62,0.74,26.3,114,29,15,14,9.8,73.2,69.1,76.9,59.6,55.6,63.3,15.1,13.1,16.6,6.6,5.8,7,1,15.6,43.975,1,18,42,58,28,153,222,93,57,90,30,135,205,77,-17,-5.9
10131,Country/Area,Estimates,Armenia,,51,ARM,AM,51,922,2012,  2 923,  2 923,  1 341,  1 581,102.7,84.8,31.8,17,5.7,0,-0.01,...,45,3,15.5,1.65,0.76,26.4,114,29,15,14,9.8,73.4,69.3,77.2,59.8,55.8,63.5,15.2,13.2,16.7,6.7,5.9,7.1,1,14.9,44.616,1,17,41,56,27,149,218,90,56,89,29,133,201,75,-17,-5.7
10132,Country/Area,Estimates,Armenia,,51,ARM,AM,51,922,2013,  2 922,  2 923,  1 342,  1 580,102.7,85,32.1,16,5.6,0,0.01,...,45,3,15.4,1.67,0.77,26.5,113,29,15,14,9.8,73.7,69.6,77.4,60,56,63.7,15.3,13.3,16.8,6.7,5.9,7.1,1,14.1,44.578,1,16,40,54,26,145,214,87,55,86,28,130,198,73,-16,-5.6
10133,Country/Area,Estimates,Armenia,,51,ARM,AM,51,922,2014,  2 923,  2 922,  1 343,  1 579,102.7,85.1,32.4,15,5.3,0,-0.01,...,44,2,15.1,1.66,0.77,26.8,113,29,15,14,9.8,74,69.8,77.7,60.3,56.2,63.8,15.4,13.4,17,6.8,6,7.2,1,13.5,43.497,1,15,38,52,25,142,210,85,53,84,28,127,194,71,-16,-5.4
10134,Country/Area,Estimates,Armenia,,51,ARM,AM,51,922,2015,  2 922,  2 921,  1 344,  1 577,102.6,85.2,32.7,13,4.5,-2,-0.07,...,42,2,14.3,1.62,0.75,26.8,112,29,15,14,9.8,74.2,70.1,77.9,60.5,56.4,64,15.5,13.5,17.1,6.8,6,7.2,1,12.8,41.315,1,15,37,50,24,139,207,82,52,82,27,125,192,69,-15,-5.2
10135,Country/Area,Estimates,Armenia,,51,ARM,AM,51,922,2016,  2 920,  2 919,  1 344,  1 575,102.5,85.3,33.1,12,4.1,-3,-0.09,...,41,2,13.9,1.63,0.75,26.9,112,29,14,14,9.8,74.5,70.3,78.1,60.7,56.6,64.2,15.6,13.6,17.2,6.9,6,7.3,0,12.2,40.162,1,14,35,48,23,136,204,79,50,80,26,122,190,67,-15,-5
10136,Country/Area,Estimates,Armenia,,51,ARM,AM,51,922,2017,  2 917,  2 915,  1 343,  1 572,102.4,85.4,33.4,9,3.2,-5,-0.17,...,38,2,12.9,1.56,0.73,27,111,28,14,14,9.8,74.7,70.6,78.4,60.9,56.8,64.4,15.8,13.6,17.3,6.9,6.1,7.4,0,11.6,37.32,1,13,34,45,23,133,201,77,49,78,25,120,188,65,-14,-4.9
10137,Country/Area,Estimates,Armenia,,51,ARM,AM,51,922,2018,  2 912,  2 910,  1 342,  1 568,102.2,85.6,33.9,8,2.8,-5,-0.17,...,37,1,12.6,1.57,0.73,27.2,111,28,14,14,9.8,75,70.8,78.6,61,56.9,64.6,15.9,13.7,17.4,7,6.1,7.4,0,11.1,36.173,0,13,32,43,22,131,199,75,48,76,24,118,186,63,-13,-4.5
10138,Country/Area,Estimates,Armenia,,51,ARM,AM,51,922,2019,  2 907,  2 904,  1 341,  1 563,102,85.8,34.5,7,2.5,-7,-0.24,...,36,1,12.3,1.6,0.75,27.3,110,28,14,14,9.8,75.2,71,78.8,61.2,57.1,64.8,16,13.8,17.5,7,6.2,7.5,0,10.5,35.48,0,12,31,41,21,129,196,72,47,74,23,117,184,61,-14,-4.9
10139,Country/Area,Estimates,Armenia,,51,ARM,AM,51,922,2020,  2 900,  2 891,  1 336,  1 554,101.6,86,35.1,-6,-2.1,-19,-0.66,...,35,1,12.1,1.62,0.76,27.6,110,41,22,19,14.2,68.9,61.9,76.3,54.8,47.8,62.2,13.8,11.6,15.4,5.6,4.8,6,0,10,34.624,0,11,96,167,20,218,343,90,126,220,28,208,333,79,-13,-4.5
10140,Country/Area,Estimates,Armenia,,51,ARM,AM,51,922,2021,  2 881,  2 870,  1 328,  1 543,100.8,86.1,35.5,-2,-0.8,-22,-0.76,...,36,1,12.4,1.71,0.8,27.8,110,38,18,20,13.3,72.6,68.7,76,58.5,54.7,61.9,13.7,11.7,15.2,5.4,4.7,5.7,0,9.5,35.339,0,11,32,44,21,152,221,92,55,84,30,141,209,82,-19,-6.8
10141,Country/Area,Estimates,Armenia,,51,ARM,AM,51,922,2022,  2 859,  2 881,  1 334,  1 547,101.2,86.2,35.8,5,1.7,43,1.49,46.5,35,1,12,1.72,0.81,27.8,109,30,15,14,10.3,74.6,70.2,78.7,60.5,56,64.5,15.6,13.2,17.3,6.8,5.8,7.3,0,9.1,34.237,0,10,29,40,18,138,212,73,50,82,21,128,202,63,38,13.2
10142,Country/Area,Estimates,Armenia,,51,ARM,AM,51,922,2023,  2 902,  2 943,  1 365,  1 578,103.4,86.5,35.8,7,2.4,82,2.79,24.9,35,1,11.8,1.71,0.81,27.8,109,28,14,13,9.4,75.7,71.4,79.5,61.5,57.2,65.3,16.2,13.9,17.8,7.1,6.2,7.6,0,8.7,34.407,0,10,25,33,18,125,193,66,44,71,20,115,183,56,75,25.5
10143,Country/Area,Estimates,Azerbaijan,10,31,AZE,AZ,31,922,1950,  3 105,  3 132,  1 457,  1 675,37.9,87,20.2,53,17,53,1.7,40.8,118,8,37.5,5.08,1.76,30.4,106,64,34,30,20.5,46.3,42.2,50.3,46,42,49.7,11.2,10.4,11.8,5,4.7,5.1,18,152.2,105.02,24,219,374,425,325,555,641,473,263,342,197,407,509,316,0,0
10144,Country/Area,Estimates,Azerbaijan,10,31,AZE,AZ,31,922,1951,  3 159,  3 187,  1 484,  1 703,38.6,87.2,20.3,57,18,57,1.79,38.6,123,9,38.5,5.1,1.78,30.4,106,65,35,31,20.5,46.6,42.5,50.7,46.1,42,49.9,11.2,10.4,11.8,5,4.7,5.1,18,149.8,109.716,25,215,369,421,320,550,638,468,261,340,195,404,508,313,0,0
10145,Country/Area,Estimates,Azerbaijan,10,31,AZE,AZ,31,922,1952,  3 216,  3 247,  1 514,  1 733,39.3,87.4,20.4,63,19.3,63,1.93,36,129,9,39.7,5.16,1.81,30.4,106,66,35,31,20.4,47,42.9,51,46.3,42.1,50,11.2,10.4,11.9,5,4.7,5.1,19,147.5,115.488,26,211,364,415,315,545,633,463,259,337,193,400,504,311,0,0
10146,Country/Area,Estimates,Azerbaijan,10,31,AZE,AZ,31,922,1953,  3 278,  3 313,  1 547,  1 765,40.1,87.6,20.5,69,20.8,69,2.07,33.4,136,10,41,5.23,1.85,30.4,106,67,35,31,20.2,47.4,43.3,51.4,46.5,42.4,50.1,11.3,10.4,11.9,5,4.7,5.2,19,145.1,121.924,27,206,358,409,309,538,626,457,255,332,190,395,499,307,0,0
10147,Country/Area,Estimates,Azerbaijan,10,31,AZE,AZ,31,922,1954,  3 347,  3 385,  1 583,  1 801,40.9,87.9,20.6,76,22.3,76,2.23,31.1,143,10,42.4,5.3,1.89,30.4,106,68,36,32,20,47.8,43.7,51.8,46.6,42.5,50.3,11.3,10.5,11.9,5,4.7,5.2,20,142.7,129.053,28,202,352,403,304,532,621,452,252,329,187,391,495,304,0,0
10148,Country/Area,Estimates,Azerbaijan,10,31,AZE,AZ,31,922,1955,  3 422,  3 464,  1 623,  1 841,41.9,88.2,20.6,83,24.1,83,2.4,28.8,152,11,43.8,5.39,1.94,30.4,106,68,36,32,19.8,48.3,44.2,52.4,46.9,42.7,50.6,11.3,10.5,12,5,4.7,5.2,21,140.2,136.856,28,197,346,397,296,524,615,442,248,324,182,385,490,297,0,0
10149,Country/Area,Estimates,Azerbaijan,10,31,AZE,AZ,31,922,1956,  3 506,  3 551,  1 667,  1 884,43,88.5,20.6,91,25.8,91,2.57,26.9,161,11,45.3,5.49,1.99,30.4,106,69,37,32,19.5,48.8,44.6,52.9,47.1,42.9,50.8,11.4,10.5,12,5,4.7,5.2,22,137.7,145.234,29,193,340,391,290,517,609,436,244,321,178,380,485,293,0,0
10150,Country/Area,Estimates,Azerbaijan,10,31,AZE,AZ,31,922,1957,  3 597,  3 647,  1 715,  1 932,44.1,88.8,20.7,100,27.3,100,2.73,25.4,170,10,46.6,5.59,2.04,30.3,106,70,37,33,19.3,49.2,45,53.2,47.2,43.1,50.9,11.4,10.4,12.1,5,4.7,5.2,23,135,153.957,30,189,334,384,285,511,601,432,241,315,177,376,479,291,0,0
10151,Country/Area,Estimates,Azerbaijan,10,31,AZE,AZ,31,922,1958,  3 697,  3 751,  1 767,  1 983,45.4,89.1,20.7,108,28.8,108,2.88,24.1,179,10,47.8,5.7,2.1,30.3,106,71,38,33,19,49.7,45.5,53.7,47.5,43.3,51.1,11.4,10.5,12.1,5,4.7,5.2,23,132.3,162.677,31,184,327,377,278,504,595,424,237,311,173,371,475,286,0,0
10152,Country/Area,Estimates,Azerbaijan,10,31,AZE,AZ,31,922,1959,  3 805,  3 863,  1 824,  2 039,46.7,89.5,20.7,116,30.1,116,3.01,23,188,9,48.6,5.8,2.15,30.3,106,72,38,33,18.5,50.3,46.1,54.3,47.8,43.6,51.4,11.4,10.5,12.1,5,4.7,5.2,24,129.4,170.848,32,179,320,369,271,495,586,415,231,304,168,364,467,280,0,0
10153,Country/Area,Estimates,Azerbaijan,10,31,AZE,AZ,31,922,1960,  3 921,  3 983,  1 884,  2 098,48.2,89.8,20.6,124,31.1,124,3.1,22.3,195,8,49.1,5.88,2.2,30.3,106,72,38,33,18,50.9,46.6,54.9,48.1,43.9,51.7,11.5,10.5,12.2,5,4.7,5.2,24,126.4,178.18,33,174,311,360,263,486,576,406,225,298,163,357,459,273,0,0
10154,Country/Area,Estimates,Azerbaijan,10,31,AZE,AZ,31,922,1961,  4 044,  4 109,  1 948,  2 161,49.7,90.2,20.4,129,31.4,129,3.14,22.1,201,6,48.9,5.94,2.25,30.3,106,72,38,33,17.5,51.4,47.2,55.5,48.3,44.1,52.1,11.5,10.6,12.2,5,4.7,5.2,25,123.3,183.541,33,169,304,353,254,477,569,395,220,293,157,351,454,266,0,0
10155,Country/Area,Estimates,Azerbaijan,10,31,AZE,AZ,31,922,1962,  4 173,  4 239,  2 014,  2 225,51.3,90.5,19.9,132,31.2,132,3.11,22.3,203,5,48,5.96,2.28,30.2,106,71,38,33,16.8,52.1,47.7,56.2,48.7,44.4,52.4,11.6,10.6,12.3,5.1,4.7,5.3,24,120.3,186.183,33,164,295,344,245,468,560,385,214,287,151,344,447,258,0,0
10156,Country/Area,Estimates,Azerbaijan,10,31,AZE,AZ,31,922,1963,  4 305,  4 372,  2 081,  2 291,52.9,90.8,19.1,134,30.6,133,3.05,22.7,204,4,46.6,5.95,2.29,30.1,106,70,38,33,16.1,52.7,48.4,56.8,49,44.8,52.8,11.7,10.6,12.4,5.1,4.7,5.3,24,117.3,187.177,32,159,287,335,237,457,549,375,208,280,145,336,438,250,0,0
10157,Country/Area,Estimates,Azerbaijan,10,31,AZE,AZ,31,922,1964,  4 439,  4 504,  2 148,  2 356,54.5,91.1,17.5,131,29.2,130,2.88,24,201,4,44.5,5.89,2.29,30.1,106,69,37,32,15.4,53.3,49,57.4,49.3,45.1,53.1,11.7,10.7,12.4,5.1,4.8,5.3,23,114.4,184.522,31,155,279,327,229,448,540,365,202,273,139,329,430,243,-2,-0.4
10158,Country/Area,Estimates,Azerbaijan,10,31,AZE,AZ,31,922,1965,  4 569,  4 630,  2 212,  2 419,56,91.4,16.7,127,27.5,124,2.67,26,195,6,42.1,5.79,2.27,30,106,68,36,31,14.6,53.9,49.5,58,49.7,45.4,53.4,11.8,10.7,12.4,5.1,4.8,5.3,22,111.7,179.663,30,150,271,319,221,439,531,355,197,267,133,322,423,236,-4,-0.8
10159,Country/Area,Estimates,Azerbaijan,10,31,AZE,AZ,31,922,1966,  4 692,  4 752,  2 273,  2 479,57.5,91.7,16.4,124,26,120,2.52,27.5,189,9,39.9,5.66,2.24,29.9,106,66,35,31,13.9,54.5,50.1,58.6,50,45.7,53.8,11.8,10.7,12.5,5.1,4.8,5.3,21,109,174.894,28,146,263,311,213,429,521,344,191,260,128,314,415,228,-4,-0.8
10160,Country/Area,Estimates,Azerbaijan,10,31,AZE,AZ,31,922,1967,  4 812,  4 867,  2 331,  2 536,58.9,91.9,16.3,115,23.6,111,2.28,30.4,179,10,36.7,5.37,2.14,29.8,106,64,34,30,13.1,55,50.6,59.2,50.3,46,54.1,11.9,10.8,12.6,5.1,4.8,5.3,19,106.5,165.502,26,142,255,303,206,420,512,335,186,254,123,308,407,221,-4,-0.8
10161,Country/Area,Estimates,Azerbaijan,10,31,AZE,AZ,31,922,1968,  4 923,  4 976,  2 386,  2 590,60.2,92.1,16.2,111,22.3,107,2.16,32.2,173,10,34.8,5.21,2.09,29.8,106,62,33,29,12.5,55.6,51.1,59.7,50.6,46.3,54.4,12,10.8,12.6,5.1,4.8,5.3,18,104.2,160.629,25,138,248,296,199,411,503,326,181,248,118,301,400,215,-4,-0.8
10162,Country/Area,Estimates,Azerbaijan,10,31,AZE,AZ,31,922,1969,  5 030,  5 082,  2 439,  2 643,61.5,92.3,16.3,107,21.1,103,2.03,34.1,168,10,33,5.05,2.04,29.8,106,61,33,28,11.9,56.1,51.7,60.2,50.9,46.7,54.6,12,10.9,12.7,5.1,4.8,5.3,17,101.9,155.921,23,135,241,288,193,403,495,318,176,242,113,294,393,209,-4,-0.8
10163,Country/Area,Estimates,Azerbaijan,10,31,AZE,AZ,31,922,1970,  5 133,  5 184,  2 491,  2 693,62.7,92.5,16.4,105,20.2,101,1.94,35.7,164,10,31.7,4.9,1.99,29.7,106,59,32,28,11.5,56.6,52.2,60.7,51.2,47,54.9,12.1,10.9,12.7,5.2,4.8,5.3,16,99.6,152.63,22,131,234,281,187,394,486,310,171,236,109,288,385,203,-4,-0.7
10164,Country/Area,Estimates,Azerbaijan,10,31,AZE,AZ,31,922,1971,  5 234,  5 284,  2 541,  2 743,63.9,92.6,16.6,102,19.4,99,1.87,37.1,161,9,30.5,4.76,1.95,29.6,106,59,31,27,11.1,57,52.7,61.2,51.4,47.2,55.1,12.1,11,12.8,5.2,4.8,5.4,16,97.4,149.964,21,128,228,274,181,387,478,303,167,230,106,283,379,199,-4,-0.7
10165,Country/Area,Estimates,Azerbaijan,10,31,AZE,AZ,31,922,1972,  5 333,  5 381,  2 590,  2 791,65.1,92.8,16.8,100,18.6,96,1.79,38.8,158,8,29.3,4.59,1.89,29.5,106,58,31,27,10.7,57.5,53.2,61.6,51.7,47.5,55.4,12.2,11,12.8,5.2,4.9,5.4,15,95.4,147.152,20,125,222,267,176,379,469,297,163,225,103,277,372,194,-4,-0.7
10166,Country/Area,Estimates,Azerbaijan,10,31,AZE,AZ,31,922,1973,  5 429,  5 477,  2 638,  2 838,66.3,93,17.1,99,18.1,95,1.74,39.9,156,7,28.5,4.43,1.83,29.4,106,57,30,27,10.4,57.9,53.6,62,51.9,47.8,55.5,12.2,11,12.9,5.2,4.9,5.4,15,93.4,145.772,19,122,217,261,171,372,461,291,159,219,100,272,365,191,-4,-0.7
10167,Country/Area,Estimates,Azerbaijan,10,31,AZE,AZ,31,922,1974,  5 524,  5 572,  2 687,  2 885,67.4,93.1,17.4,100,17.9,96,1.72,40.2,157,7,28.1,4.31,1.79,29.3,106,57,30,27,10.2,58.3,54.1,62.3,52.2,48.1,55.7,12.3,11.1,12.9,5.2,4.9,5.4,14,91.7,146.502,19,119,211,255,167,366,453,285,154,213,97,267,358,187,-4,-0.7
10168,Country/Area,Estimates,Azerbaijan,10,31,AZE,AZ,31,922,1975,  5 620,  5 669,  2 736,  2 933,68.6,93.3,17.7,102,18,98,1.73,40.1,158,7,27.9,4.22,1.76,29.2,106,57,30,27,10,58.7,54.4,62.7,52.4,48.3,56,12.3,11.1,13,5.2,4.9,5.4,14,90.3,148.417,18,117,207,249,163,360,447,279,151,209,94,262,353,182,-4,-0.7
10169,Country/Area,Estimates,Azerbaijan,10,31,AZE,AZ,31,922,1976,  5 718,  5 791,  2 794,  2 997,70.1,93.2,18,105,18.2,146,2.51,27.6,161,7,27.8,4.12,1.73,29.1,106,56,29,26,9.6,59.5,55.4,63.2,53,49.1,56.4,12.4,11.2,13,5.2,4.9,5.4,14,89.1,150.797,18,116,193,229,155,348,433,271,138,191,86,252,341,174,40,6.9
10170,Country/Area,Estimates,Azerbaijan,10,31,AZE,AZ,31,922,1977,  5 864,  5 938,  2 859,  3 078,71.8,92.9,18.4,109,18.3,148,2.49,27.9,164,7,27.7,3.98,1.68,29,106,56,29,27,9.4,60,56,63.6,53.4,49.6,56.7,12.4,11.2,13.1,5.3,4.9,5.4,14,88.2,154.039,19,114,185,218,150,340,424,264,130,181,81,245,333,168,39,6.6
10171,Country/Area,Estimates,Azerbaijan,10,31,AZE,AZ,31,922,1978,  6 011,  6 075,  2 919,  3 157,73.5,92.5,18.9,112,18.5,127,2.1,33.1,168,8,27.7,3.82,1.61,28.9,106,56,29,27,9.2,60.5,56.7,63.9,53.8,50.1,56.9,12.5,11.3,13.1,5.3,4.9,5.4,15,87.5,157.714,19,113,176,207,146,331,412,257,122,168,76,237,322,162,15,2.4
10172,Country/Area,Estimates,Azerbaijan,10,31,AZE,AZ,31,922,1979,  6 139,  6 187,  2 970,  3 217,74.9,92.3,19.3,121,19.5,97,1.57,44.3,176,9,28.5,3.7,1.57,28.7,106,55,28,27,8.9,60.9,57.3,64.2,54.2,50.7,57.2,12.5,11.4,13.2,5.3,4.9,5.4,14,87,165.492,18,113,169,196,143,324,401,253,114,156,72,231,311,158,-24,-3.9
10173,Country/Area,Estimates,Azerbaijan,10,31,AZE,AZ,31,922,1980,  6 236,  6 285,  3 021,  3 263,76,92.6,19.7,126,20.1,98,1.56,44.3,182,9,29,3.59,1.52,28.5,106,56,29,27,8.9,61.4,58,64.5,54.6,51.3,57.4,12.6,11.5,13.2,5.3,4.9,5.5,16,86.4,170.986,20,112,162,185,139,315,389,247,105,143,68,223,300,152,-28,-4.4
10174,Country/Area,Estimates,Azerbaijan,10,31,AZE,AZ,31,922,1981,  6 334,  6 386,  3 074,  3 311,77.3,92.8,20.1,132,20.6,104,1.62,42.8,188,9,29.4,3.48,1.48,28.3,106,56,28,28,8.8,61.9,58.7,64.7,55,51.8,57.6,12.7,11.6,13.3,5.3,5,5.5,16,85.8,176.619,20,111,155,173,138,308,378,242,98,130,67,216,290,149,-28,-4.4
10175,Country/Area,Estimates,Azerbaijan,10,31,AZE,AZ,31,922,1982,  6 437,  6 491,  3 130,  3 362,78.5,93.1,20.4,137,21,108,1.67,41.6,193,8,29.8,3.39,1.45,28.1,106,57,29,28,8.7,62.2,59.1,65,55.2,52.2,57.7,12.7,11.6,13.3,5.3,5,5.5,16,84.9,181.819,21,110,151,168,134,302,368,239,92,122,63,211,280,146,-28,-4.4
10176,Country/Area,Estimates,Azerbaijan,10,31,AZE,AZ,31,922,1983,  6 546,  6 602,  3 188,  3 414,79.9,93.4,20.7,142,21.5,114,1.72,40.3,200,9,30.2,3.32,1.42,28,106,57,29,28,8.7,62.5,59.4,65.2,55.3,52.3,57.9,12.7,11.6,13.3,5.3,5,5.5,17,83.7,187.932,21,108,149,167,132,297,361,235,92,124,61,208,275,143,-29,-4.3
10177,Country/Area,Estimates,Azerbaijan,10,31,AZE,AZ,31,922,1984,  6 659,  6 706,  3 238,  3 468,81.1,93.4,21.1,145,21.6,94,1.41,49.3,205,9,30.6,3.26,1.4,27.8,106,60,31,29,9,62.1,58.8,65,54.8,51.6,57.6,12.7,11.5,13.3,5.4,5,5.5,17,82.4,193.329,21,106,149,169,130,311,379,243,97,133,64,223,295,153,-51,-7.6
10178,Country/Area,Estimates,Azerbaijan,10,31,AZE,AZ,31,922,1985,  6 753,  6 800,  3 277,  3 523,82.3,93,21.5,150,22.1,93,1.37,50.8,210,9,30.9,3.2,1.38,27.7,107,60,30,29,8.8,62.7,59.6,65.5,55.3,52.3,57.9,12.7,11.6,13.3,5.3,5,5.5,17,80.9,198.027,21,104,144,162,126,296,362,231,92,124,61,210,278,143,-57,-8.4
10179,Country/Area,Estimates,Azerbaijan,10,31,AZE,AZ,31,922,1986,  6 846,  6 891,  3 315,  3 576,83.4,92.7,21.8,151,21.9,90,1.31,52.9,212,9,30.8,3.14,1.35,27.5,106,61,31,30,8.9,62.6,59.7,65.2,55.1,52.3,57.4,12.7,11.6,13.3,5.3,5,5.5,17,79.4,200.588,21,102,144,160,128,300,360,241,94,125,66,215,276,156,-61,-8.8
10180,Country/Area,Estimates,Azerbaijan,10,31,AZE,AZ,31,922,1987,  6 936,  6 978,  3 349,  3 628,84.4,92.3,22.1,151,21.7,82,1.18,58.7,213,10,30.5,3.07,1.32,27.3,106,62,31,30,8.8,62.8,59.8,65.6,55.1,52.2,57.7,12.7,11.6,13.3,5.4,5,5.5,16,78.1,201.404,21,100,141,156,126,296,360,232,92,124,61,212,279,147,-69,-9.9
10181,Country/Area,Estimates,Azerbaijan,10,31,AZE,AZ,31,922,1988,  7 019,  7 081,  3 398,  3 684,85.7,92.2,22.3,150,21.2,125,1.77,39.2,214,11,30.2,3.04,1.31,27.1,107,63,32,31,8.9,62.7,59.5,65.6,54.9,51.9,57.6,12.7,11.5,13.3,5.4,5,5.5,16,77.2,201.939,20,99,143,161,125,299,366,233,97,133,64,217,286,149,-25,-3.6
10182,Country/Area,Estimates,Azerbaijan,10,31,AZE,AZ,31,922,1989,  7 144,  7 168,  3 443,  3 725,86.7,92.4,22.5,149,20.8,47,0.66,105.2,213,11,29.7,3,1.3,27,107,64,33,31,8.9,62.9,59.7,66,55.1,51.9,58,12.7,11.5,13.4,5.4,5,5.5,16,76.4,201.227,21,98,139,157,122,295,365,225,96,133,62,213,287,142,-102,-14.2
10183,Country/Area,Estimates,Azerbaijan,10,31,AZE,AZ,31,922,1990,  7 191,  7 231,  3 477,  3 754,87.5,92.6,22.6,143,19.8,80,1.1,62.8,208,11,28.7,2.98,1.29,27,107,65,34,31,8.9,62.8,59.2,66.1,54.7,51.2,58,12.7,11.4,13.4,5.4,5,5.5,16,76,196.565,20,97,140,162,119,301,378,224,103,150,59,221,302,142,-63,-8.8
10184,Country/Area,Estimates,Azerbaijan,10,31,AZE,AZ,31,922,1991,  7 271,  7 314,  3 520,  3 794,88.5,92.8,22.7,136,18.7,87,1.19,58.5,202,11,27.7,2.95,1.28,26.7,107,66,35,31,9,62.5,58.9,66,54.5,50.9,57.9,12.6,11.4,13.4,5.4,5,5.5,15,75.7,191.595,20,97,141,163,121,306,387,226,104,152,58,227,312,144,-50,-6.8
10185,Country/Area,Estimates,Azerbaijan,10,31,AZE,AZ,31,922,1992,  7 358,  7 406,  3 566,  3 840,89.6,92.9,22.8,120,16.2,96,1.3,53.3,193,12,26,2.86,1.23,26.6,107,73,40,32,9.8,60.8,56.1,65.5,52.6,47.8,57.3,12.4,11,13.3,5.3,4.9,5.5,15,75.5,182.5,19,96,173,217,128,337,434,237,139,210,69,261,364,156,-24,-3.2
10186,Country/Area,Estimates,Azerbaijan,10,31,AZE,AZ,31,922,1993,  7 454,  7 504,  3 615,  3 889,90.8,92.9,23,113,15,100,1.34,51.8,183,14,24.4,2.75,1.18,26.3,108,71,39,32,9.4,61.4,57.1,65.8,53.2,48.8,57.5,12.5,11.1,13.4,5.4,4.9,5.5,14,75.1,173.582,18,95,161,198,124,326,418,232,123,185,63,251,349,152,-12,-1.6
10187,Country/Area,Estimates,Azerbaijan,10,31,AZE,AZ,31,922,1994,  7 554,  7 609,  3 657,  3 952,92.1,92.5,23.3,88,11.5,109,1.44,48.3,163,14,21.4,2.45,1.05,26.3,109,75,44,31,9.8,60.3,54.9,66,51.9,46.4,57.6,12.4,10.8,13.4,5.3,4.9,5.5,13,74.4,153.923,16,94,179,233,122,349,463,229,147,228,65,276,398,150,21,2.8
10188,Country/Area,Estimates,Azerbaijan,10,31,AZE,AZ,31,922,1995,  7 663,  7 719,  3 691,  4 028,93.4,91.6,23.5,79,10.3,112,1.45,47.9,149,13,19.3,2.19,0.94,26.2,110,69,37,32,9,61.9,58.1,65.8,53.6,49.7,57.4,12.5,11.2,13.4,5.4,4.9,5.5,11,73.2,140.87,15,93,148,172,124,322,413,234,114,162,68,247,343,154,32,4.2
10189,Country/Area,Estimates,Azerbaijan,10,31,AZE,AZ,31,922,1996,  7 775,  7 831,  3 727,  4 104,94.7,90.8,23.7,69,8.8,112,1.43,48.6,136,13,17.4,1.98,0.84,26.3,111,67,36,31,8.6,62.7,58.8,66.5,54.2,50.4,57.9,12.6,11.3,13.5,5.4,5,5.6,10,71.5,129.042,14,91,140,165,117,307,395,222,108,157,61,233,325,145,43,5.4
10190,Country/Area,Estimates,Azerbaijan,10,31,AZE,AZ,31,922,1997,  7 887,  7 936,  3 759,  4 177,96,90,23.8,74,9.4,99,1.24,55.7,141,15,17.8,2.02,0.86,26.1,112,67,36,31,8.5,63,59.2,66.7,54.3,50.6,57.9,12.6,11.4,13.5,5.4,5,5.6,10,69.2,134.228,13,88,142,170,115,299,380,219,107,156,62,226,312,145,24,3.1
10191,Country/Area,Estimates,Azerbaijan,10,31,AZE,AZ,31,922,1998,  7 986,  8 026,  3 783,  4 243,97.1,89.2,24.1,67,8.4,80,1,69.1,132,14,16.4,1.85,0.79,26.2,113,65,35,30,8,63.8,60.1,67.3,54.9,51.2,58.3,12.7,11.6,13.6,5.5,5,5.6,9,66.5,125.433,12,84,133,160,108,284,364,208,100,144,58,214,296,136,13,1.6
10192,Country/Area,Estimates,Azerbaijan,10,31,AZE,AZ,31,922,1999,  8 066,  8 100,  3 812,  4 289,98,88.9,24.4,64,7.8,69,0.85,81.5,125,13,15.4,1.72,0.73,26.2,114,61,32,29,7.6,64.7,61.4,67.9,55.6,52.4,58.6,12.9,11.7,13.7,5.5,5.1,5.7,8,63.3,118.966,10,79,122,142,102,265,334,200,88,123,56,197,267,132,5,0.7
10193,Country/Area,Estimates,Azerbaijan,10,31,AZE,AZ,31,922,2000,  8 135,  8 175,  3 853,  4 322,98.9,89.2,24.8,64,7.8,80,0.98,71,124,13,15.2,1.7,0.73,26.3,115,61,32,28,7.4,65.4,62,68.6,56,52.7,59,13,11.8,13.9,5.5,5.1,5.7,7,59.9,118.757,9,74,115,135,96,255,325,189,84,119,52,190,261,125,16,2
10194,Country/Area,Estimates,Azerbaijan,10,31,AZE,AZ,31,922,2001,  8 215,  8 252,  3 897,  4 355,99.8,89.5,25.2,58,7,74,0.9,77.1,118,12,14.3,1.59,0.68,26.3,116,60,31,29,7.2,66,63,68.9,56.3,53.4,58.9,13.1,12,13.9,5.6,5.1,5.7,7,56.4,112.552,8,70,108,125,92,245,306,187,79,108,52,183,245,127,16,2
10195,Country/Area,Estimates,Azerbaijan,10,31,AZE,AZ,31,922,2002,  8 289,  8 326,  3 940,  4 387,100.7,89.8,25.6,59,7.1,75,0.9,77.4,118,12,14.2,1.58,0.68,26.3,117,59,31,28,7.1,66.8,63.8,69.6,56.7,53.9,59.4,13.2,12.1,14.1,5.6,5.2,5.8,6,52.9,113.385,8,65,101,118,85,233,292,177,74,103,48,174,234,120,15,1.8
10196,Country/Area,Estimates,Azerbaijan,10,31,AZE,AZ,31,922,2003,  8 363,  8 401,  3 982,  4 419,101.6,90.1,26,61,7.3,74,0.88,78.4,121,13,14.4,1.59,0.69,26.2,117,60,32,28,7.2,67,64,69.9,56.7,53.8,59.4,13.3,12.1,14.2,5.6,5.2,5.8,6,49.6,116.515,7,61,97,114,81,231,291,174,75,103,50,176,237,121,13,1.6
10197,Country/Area,Estimates,Azerbaijan,10,31,AZE,AZ,31,922,2004,  8 438,  8 490,  4 032,  4 458,102.7,90.5,26.4,91,10.7,104,1.23,56.4,153,17,18,1.97,0.85,26.1,117,62,33,29,7.3,67.5,64.4,70.4,56.8,53.9,59.5,13.3,12.1,14.3,5.7,5.2,5.9,7,46.5,147.041,8,57,93,111,76,225,283,170,74,105,47,174,232,121,13,1.6
10198,Country/Area,Estimates,Azerbaijan,10,31,AZE,AZ,31,922,2005,  8 542,  8 597,  4 092,  4 505,104,90.8,26.7,94,10.9,110,1.28,54,157,18,18.3,1.98,0.86,26,117,64,34,30,7.4,67.7,64.6,70.7,56.8,53.8,59.6,13.4,12.1,14.4,5.7,5.3,5.9,7,43.6,151.783,8,53,90,107,74,224,285,166,75,103,49,175,236,119,16,1.9
10199,Country/Area,Estimates,Azerbaijan,10,31,AZE,AZ,31,922,2006,  8 652,  8 711,  4 156,  4 555,105.4,91.2,26.9,101,11.6,118,1.35,51.2,164,20,18.8,2.02,0.88,26,117,63,34,29,7.2,68.5,65.2,71.6,57.3,54.1,60.2,13.5,12.2,14.5,5.8,5.3,6,7,40.9,158.394,8,49,82,99,66,210,274,150,69,98,43,166,231,107,17,1.9
10200,Country/Area,Estimates,Azerbaijan,10,31,AZE,AZ,31,922,2007,  8 770,  8 828,  4 221,  4 607,106.8,91.6,27.2,99,11.2,116,1.31,52.8,163,19,18.5,1.97,0.86,26,117,64,35,30,7.3,68.7,65.4,71.8,57.2,54,60.2,13.6,12.2,14.6,5.8,5.3,6,6,38.4,158.016,7,46,81,99,64,210,272,152,71,102,44,168,231,111,17,1.9
10201,Country/Area,Estimates,Azerbaijan,10,31,AZE,AZ,31,922,2008,  8 886,  8 943,  4 285,  4 658,108.2,92,27.5,98,10.9,113,1.26,55,161,20,18,1.9,0.84,26,117,64,34,30,7.1,69.4,66.2,72.3,57.7,54.7,60.5,13.7,12.4,14.8,5.8,5.4,6.1,6,36,156.376,7,43,74,88,60,198,256,144,65,92,41,158,216,106,15,1.7
10202,Country/Area,Estimates,Azerbaijan,10,31,AZE,AZ,31,922,2009,  8 999,  9 046,  4 342,  4 704,109.4,92.3,27.8,94,10.4,95,1.05,66.2,157,20,17.4,1.82,0.8,26,117,63,33,30,7,69.9,66.9,72.6,58.1,55.3,60.6,13.9,12.6,14.9,5.9,5.4,6.2,5,33.8,152.649,6,41,70,82,57,190,242,142,62,85,41,152,204,106,1,0.1
10203,Country/Area,Estimates,Azerbaijan,10,31,AZE,AZ,31,922,2010,  9 094,  9 147,  4 397,  4 750,110.7,92.6,28.2,105,11.5,106,1.16,59.6,169,22,18.5,1.92,0.85,25.8,117,64,34,30,7,70.3,67.3,73.1,58.3,55.4,60.9,14,12.6,15,5.9,5.5,6.2,5,31.7,164.194,6,38,67,80,54,183,235,134,60,83,40,147,199,100,1,0.2
10204,Country/Area,Estimates,Azerbaijan,10,31,AZE,AZ,31,922,2011,  9 200,  9 256,  4 456,  4 800,112,92.8,28.5,111,11.9,112,1.21,57.1,176,22,19,1.98,0.88,25.8,116,65,35,30,7,70.6,67.4,73.5,58.4,55.3,61.1,14.1,12.7,15.2,6,5.5,6.3,5,29.7,171.082,6,35,65,78,52,180,236,128,61,86,39,147,202,97,2,0.2
10205,Country/Area,Estimates,Azerbaijan,10,31,AZE,AZ,31,922,2012,  9 312,  9 376,  4 521,  4 855,113.4,93.1,28.7,126,13.4,128,1.36,50.9,191,24,20.4,2.14,0.96,25.7,116,65,35,31,7,71.1,68.1,73.9,58.7,55.8,61.3,14.2,12.8,15.3,6,5.5,6.3,5,27.8,186.542,6,33,60,72,48,172,224,125,59,81,40,142,193,96,2,0.2
10206,Country/Area,Estimates,Azerbaijan,10,31,AZE,AZ,31,922,2013,  9 440,  9 504,  4 591,  4 914,115,93.4,29,126,13.3,129,1.35,51.2,192,23,20.2,2.15,0.96,25.7,116,65,35,30,6.9,71.5,68.2,74.5,59,55.8,61.8,14.4,12.8,15.5,6.1,5.6,6.4,5,26,187.358,6,31,58,71,45,166,222,115,57,82,34,137,192,87,2,0.2
10207,Country/Area,Estimates,Azerbaijan,10,31,AZE,AZ,31,922,2014,  9 569,  9 631,  4 659,  4 972,116.5,93.7,29.3,124,12.8,125,1.3,53.5,189,22,19.6,2.13,0.96,25.6,115,65,35,31,6.8,71.9,68.8,74.8,59.3,56.3,62,14.5,13,15.6,6.2,5.6,6.5,5,24.3,184.831,5,29,56,68,43,159,210,112,54,78,32,131,181,86,1,0.1
10208,Country/Area,Estimates,Azerbaijan,10,31,AZE,AZ,31,922,2015,  9 694,  9 753,  4 724,  5 029,118,93.9,29.6,118,12.1,119,1.22,57,183,20,18.7,2.09,0.94,25.5,115,65,35,30,6.7,72.3,69.1,75.3,59.5,56.4,62.4,14.6,13.1,15.8,6.2,5.7,6.6,4,22.8,179.036,5,27,52,63,40,154,208,105,51,74,31,128,181,80,1,0.1
10209,Country/Area,Estimates,Azerbaijan,10,31,AZE,AZ,31,922,2016,  9 812,  9 868,  4 791,  5 077,119.4,94.4,29.9,108,10.9,113,1.14,60.8,174,17,17.6,2.03,0.92,25.5,114,66,35,31,6.7,72.6,69.5,75.3,59.6,56.7,62.3,14.7,13.2,15.9,6.3,5.7,6.6,4,21.4,170.429,4,25,50,60,39,151,200,107,50,70,32,126,174,84,5,0.5
10210,Country/Area,Estimates,Azerbaijan,10,31,AZE,AZ,31,922,2017,  9 925,  9 969,  4 854,  5 114,120.6,94.9,30.1,99,9.9,88,0.88,78.9,166,15,16.7,1.96,0.89,25.5,114,67,36,31,6.7,72.7,69.6,75.6,59.6,56.6,62.4,14.8,13.2,16,6.3,5.7,6.7,3,20.1,163.162,4,24,48,58,39,152,202,105,51,73,32,128,178,83,-11,-1.1
10211,Country/Area,Estimates,Azerbaijan,10,31,AZE,AZ,31,922,2018,  10 012,  10 040,  4 901,  5 139,121.5,95.4,30.3,92,9.2,55,0.55,126.7,160,15,15.9,1.91,0.87,25.6,114,67,36,31,6.7,73,69.9,75.9,59.9,56.9,62.7,14.9,13.3,16.1,6.4,5.8,6.7,3,19,157.112,4,22,46,55,36,147,196,101,50,70,30,124,173,80,-38,-3.7
10212,Country/Area,Estimates,Azerbaijan,10,31,AZE,AZ,31,922,2019,  10 067,  10 110,  4 943,  5 168,122.3,95.6,30.7,86,8.5,86,0.86,81.1,153,15,15.2,1.85,0.84,25.6,113,67,36,31,6.7,73.3,70.2,76.2,60.1,57.1,62.9,15,13.4,16.3,6.4,5.8,6.8,3,18,150.912,3,21,46,57,36,142,188,97,51,71,32,120,166,77,0,0
10213,Country/Area,Estimates,Azerbaijan,10,31,AZE,AZ,31,922,2020,  10 154,  10 182,  4 980,  5 201,123.2,95.7,31.1,55,5.4,56,0.55,125.8,143,13,14,1.76,0.81,25.8,113,88,47,41,8.6,70.3,66.8,73.8,56.9,53.5,60.3,13.2,11.8,14.4,5.5,4.9,5.9,2,17.1,140.829,3,20,63,89,36,179,238,120,74,110,38,160,219,102,1,0.1
10214,Country/Area,Estimates,Azerbaijan,10,31,AZE,AZ,31,922,2021,  10 210,  10 234,  5 008,  5 226,123.8,95.8,31.6,48,4.7,49,0.48,...,136,11,13.2,1.71,0.78,26,113,87,46,42,8.5,71,68.2,73.7,57.5,54.8,60.2,13.2,11.7,14.3,5.4,4.8,5.8,2,16.3,133.615,3,19,48,60,36,167,215,122,62,83,41,149,195,104,1,0.1
10215,Country/Area,Estimates,Azerbaijan,10,31,AZE,AZ,31,922,2022,  10 259,  10 295,  5 042,  5 254,124.6,96,32.1,64,6.2,73,0.71,98.2,129,12,12.6,1.69,0.78,25.9,112,66,35,31,6.4,74.1,71.5,76.7,60.7,58.1,63.1,15.9,14.8,16.7,7.3,7.3,7.4,2,15.6,127.638,2,18,45,55,34,141,187,98,51,71,32,123,168,80,9,0.9
10216,Country/Area,Estimates,Azerbaijan,10,31,AZE,AZ,31,922,2023,  10 332,  10 318,  5 056,  5 262,124.8,96.1,32.6,57,5.6,-27,-0.26,...,125,12,12.1,1.67,0.77,25.9,112,68,36,32,6.6,74.4,71.6,77.1,60.9,58.1,63.5,15.4,13.8,16.6,6.6,5.9,6.9,2,14.9,123.488,2,17,40,49,30,124,164,86,45,62,28,106,145,69,-84,-8.2
10365,Country/Area,Estimates,Georgia,12,268,GEO,GE,268,922,1950,  3 476,  3 497,  1 659,  1 838,50.3,90.3,24.8,32,9.2,43,1.22,56.8,84,4,24.1,2.98,1.23,28.9,106,52,30,22,14.9,57.7,53.6,62.1,52.2,48.4,56.2,12.1,10.8,13.6,5.2,4.5,5.8,9,108.1,77.986,11,136,208,247,173,376,462,293,145,206,95,270,362,187,10,3
10366,Country/Area,Estimates,Georgia,12,268,GEO,GE,268,922,1951,  3 519,  3 541,  1 678,  1 863,51,90,24.9,33,9.4,45,1.27,54.7,85,4,24.1,2.92,1.21,28.9,106,52,31,21,14.7,58,53.5,62.9,52.4,48.1,56.9,12.2,10.8,13.9,5.2,4.4,6.1,9,106.1,79.019,11,133,205,248,166,371,464,281,143,207,90,267,366,176,12,3.3
10367,Country/Area,Estimates,Georgia,12,268,GEO,GE,268,922,1952,  3 564,  3 587,  1 697,  1 889,51.6,89.8,25.1,35,9.7,46,1.29,53.8,86,4,24.1,2.87,1.2,28.9,106,52,30,21,14.4,58.4,53.9,63.2,52.6,48.3,57.1,12.3,10.8,13.9,5.3,4.4,6.1,9,104,80.1,11,130,201,243,162,365,459,277,141,204,88,264,362,174,12,3.2
10368,Country/Area,Estimates,Georgia,12,268,GEO,GE,268,922,1953,  3 610,  3 634,  1 718,  1 916,52.3,89.7,25.4,37,10.1,48,1.33,52.3,88,5,24.3,2.85,1.19,28.8,106,52,30,22,14.2,58.8,54.2,63.6,52.8,48.4,57.2,12.4,10.8,14,5.3,4.4,6.1,9,102,81.866,11,127,197,239,159,360,453,272,138,201,86,260,358,171,12,3.2
10369,Country/Area,Estimates,Georgia,12,268,GEO,GE,268,922,1954,  3 658,  3 683,  1 740,  1 943,53,89.5,25.7,39,10.6,49,1.34,51.8,90,5,24.5,2.83,1.19,28.8,106,51,30,22,13.9,59.1,54.6,63.9,53,48.6,57.4,12.4,10.9,14,5.4,4.5,6.2,9,100,83.946,11,124,193,234,155,355,448,268,136,198,85,256,354,169,10,2.8
10370,Country/Area,Estimates,Georgia,12,268,GEO,GE,268,922,1955,  3 707,  3 734,  1 763,  1 971,53.7,89.4,25.9,42,11.3,53,1.43,48.5,93,5,25,2.85,1.2,28.8,106,51,29,22,13.7,59.5,54.9,64.2,53.1,48.8,57.5,12.5,10.9,14.1,5.4,4.5,6.2,9,98,86.813,11,122,189,229,152,349,442,263,134,195,83,253,350,166,11,3
10371,Country/Area,Estimates,Georgia,12,268,GEO,GE,268,922,1956,  3 761,  3 790,  1 788,  2 001,54.5,89.4,26.1,46,12,58,1.53,45.5,97,5,25.5,2.88,1.22,28.8,106,51,29,22,13.5,59.9,55.3,64.6,53.3,49,57.7,12.6,11,14.2,5.4,4.5,6.2,9,95.9,90.117,11,119,186,225,148,344,437,258,131,191,81,249,346,163,12,3.2
10372,Country/Area,Estimates,Georgia,12,268,GEO,GE,268,922,1957,  3 818,  3 850,  1 816,  2 033,55.4,89.3,26.3,49,12.7,62,1.61,42.9,100,5,25.9,2.91,1.23,28.8,106,51,29,22,13.2,60.2,55.7,64.9,53.5,49.2,57.8,12.7,11.1,14.2,5.5,4.6,6.2,9,93.9,93.263,11,116,181,220,145,338,430,254,129,187,80,245,340,161,13,3.4
10373,Country/Area,Estimates,Georgia,12,268,GEO,GE,268,922,1958,  3 881,  3 914,  1 847,  2 067,56.3,89.4,26.5,52,13.3,66,1.69,41,103,5,26.3,2.92,1.24,28.8,106,51,29,22,13,60.6,56.1,65.2,53.7,49.4,57.9,12.8,11.1,14.3,5.5,4.6,6.3,9,91.8,96.176,11,113,178,215,141,332,424,250,126,184,78,241,336,159,14,3.6
10374,Country/Area,Estimates,Georgia,12,268,GEO,GE,268,922,1959,  3 947,  3 982,  1 879,  2 102,57.3,89.4,26.5,55,13.7,70,1.76,39.4,105,4,26.4,2.94,1.25,28.8,106,51,28,22,12.7,61,56.4,65.6,53.9,49.6,58.1,12.9,11.2,14.4,5.6,4.6,6.3,9,89.7,98.658,11,110,174,210,137,327,418,244,124,181,76,237,332,156,15,3.9
10375,Country/Area,Estimates,Georgia,12,268,GEO,GE,268,922,1960,  4 017,  4 054,  1 914,  2 140,58.3,89.5,26.6,57,14.2,74,1.83,37.9,108,4,26.6,2.94,1.26,28.4,106,51,28,22,12.5,61.3,56.8,65.9,54.1,49.8,58.3,12.9,11.2,14.4,5.6,4.6,6.4,9,87.7,101.328,11,107,170,206,134,321,412,240,122,178,75,234,328,153,17,4.1
10376,Country/Area,Estimates,Georgia,12,268,GEO,GE,268,922,1961,  4 091,  4 129,  1 951,  2 178,59.4,89.5,26.6,58,14.1,76,1.85,37.5,109,4,26.3,2.94,1.27,28.3,106,50,28,22,12.2,61.7,57.1,66.2,54.3,49.9,58.4,13,11.3,14.5,5.7,4.7,6.4,9,85.6,102.067,11,105,166,201,131,316,407,235,120,174,73,230,324,151,18,4.4
10377,Country/Area,Estimates,Georgia,12,268,GEO,GE,268,922,1962,  4 167,  4 206,  1 988,  2 218,60.5,89.6,26.7,58,13.8,77,1.83,37.8,108,3,25.7,2.94,1.27,28.2,106,50,28,22,11.9,62.1,57.5,66.6,54.5,50.1,58.6,13.1,11.3,14.6,5.7,4.7,6.4,9,83.5,101.706,11,102,162,197,127,311,401,231,118,171,72,227,320,148,19,4.5
10378,Country/Area,Estimates,Georgia,12,268,GEO,GE,268,922,1963,  4 244,  4 283,  2 026,  2 257,61.6,89.7,26.9,58,13.5,77,1.8,38.5,107,4,25.1,2.95,1.28,28.1,106,50,27,22,11.6,62.5,57.9,66.9,54.7,50.3,58.7,13.2,11.4,14.6,5.7,4.7,6.5,9,81.5,101.194,11,99,158,192,124,305,395,226,116,168,70,223,315,146,19,4.5
10379,Country/Area,Estimates,Georgia,12,268,GEO,GE,268,922,1964,  4 321,  4 358,  2 063,  2 296,62.7,89.9,27.1,55,12.5,74,1.7,40.9,104,4,23.8,2.89,1.26,28.1,106,49,27,22,11.3,62.8,58.3,67.2,54.9,50.5,58.9,13.2,11.5,14.7,5.8,4.7,6.5,8,79.4,97.837,10,96,154,187,120,300,389,222,114,165,68,220,311,143,19,4.4
10380,Country/Area,Estimates,Georgia,12,268,GEO,GE,268,922,1965,  4 395,  4 429,  2 097,  2 332,63.7,89.9,27.4,49,11.1,68,1.54,45.1,98,4,22.1,2.77,1.21,28,106,49,27,22,11,63.1,58.5,67.6,55,50.5,59.1,13.3,11.4,14.8,5.8,4.7,6.6,8,77.3,92.397,9,94,151,184,117,296,386,217,113,164,67,218,310,141,19,4.3
10381,Country/Area,Estimates,Georgia,12,268,GEO,GE,268,922,1966,  4 463,  4 503,  2 125,  2 378,64.8,89.4,27.7,46,10.3,79,1.76,39.4,95,5,21,2.73,1.19,27.9,106,48,26,22,10.7,63.4,58.8,67.8,55.1,50.7,59.1,13.3,11.5,14.8,5.8,4.7,6.5,7,75.2,89.643,9,91,147,179,114,292,380,214,111,161,66,216,306,140,33,7.3
10382,Country/Area,Estimates,Georgia,12,268,GEO,GE,268,922,1967,  4 543,  4 583,  2 147,  2 436,66,88.1,27.7,46,10,81,1.76,39.4,94,5,20.6,2.74,1.2,27.7,106,49,26,22,10.6,63.8,59.2,68.1,55.3,50.9,59.2,13.4,11.5,14.8,5.9,4.8,6.6,7,73.2,89.439,9,88,143,175,111,286,374,210,109,157,65,211,301,138,35,7.6
10383,Country/Area,Estimates,Georgia,12,268,GEO,GE,268,922,1968,  4 623,  4 664,  2 169,  2 495,67.1,86.9,27.8,44,9.4,81,1.73,40.1,92,6,19.8,2.69,1.18,27.6,106,49,26,23,10.5,64.1,59.5,68.4,55.5,51.1,59.4,13.4,11.6,14.9,5.9,4.8,6.6,7,71.2,87.663,8,86,139,171,108,280,369,206,106,154,63,207,297,135,37,7.9
10384,Country/Area,Estimates,Georgia,12,268,GEO,GE,268,922,1969,  4 704,  4 743,  2 190,  2 553,68.3,85.8,27.8,44,9.3,78,1.65,42,93,6,19.6,2.69,1.19,27.4,106,49,26,23,10.4,64.5,59.9,68.7,55.7,51.3,59.5,13.5,11.7,15,5.9,4.8,6.7,7,69.3,88.308,8,83,135,166,105,274,363,201,104,151,61,203,293,133,34,7.2
10385,Country/Area,Estimates,Georgia,12,268,GEO,GE,268,922,1970,  4 782,  4 804,  2 213,  2 591,69.1,85.4,27.9,45,9.4,44,0.91,75.9,95,7,19.7,2.7,1.19,27.3,106,50,27,23,10.3,64.9,60.3,69.1,55.9,51.5,59.7,13.6,11.7,15,5.9,4.9,6.7,6,67.5,89.984,8,81,131,162,102,269,357,197,102,148,60,200,289,130,-1,-0.3
10386,Country/Area,Estimates,Georgia,12,268,GEO,GE,268,922,1971,  4 826,  4 843,  2 234,  2 610,69.7,85.6,28,45,9.4,34,0.71,97.8,95,7,19.7,2.71,1.2,27.2,106,50,27,23,10.3,65.2,60.6,69.3,56,51.7,59.9,13.6,11.8,15.1,6,4.9,6.7,6,65.8,90.637,7,79,128,158,99,264,351,193,100,145,58,197,285,128,-11,-2.3
10387,Country/Area,Estimates,Georgia,12,268,GEO,GE,268,922,1972,  4 860,  4 877,  2 250,  2 628,70.2,85.6,27.9,45,9.2,34,0.7,99.6,95,8,19.5,2.67,1.19,27.1,106,50,27,23,10.2,65.5,61,69.6,56.2,51.9,60,13.7,11.8,15.2,6,4.9,6.8,6,64.1,90.339,7,76,124,154,96,259,345,189,98,142,57,194,281,125,-11,-2.3
10388,Country/Area,Estimates,Georgia,12,268,GEO,GE,268,922,1973,  4 894,  4 911,  2 265,  2 646,70.7,85.6,27.7,44,9,34,0.68,101.5,94,8,19.1,2.62,1.17,27.1,107,50,26,23,10.1,65.9,61.3,69.9,56.4,52.1,60.2,13.8,11.9,15.3,6,5,6.8,6,62.4,89.545,7,74,121,150,94,255,340,185,96,139,55,191,276,123,-11,-2.2
10389,Country/Area,Estimates,Georgia,12,268,GEO,GE,268,922,1974,  4 928,  4 945,  2 281,  2 663,71.2,85.7,27.5,44,8.9,34,0.68,101.6,94,8,18.9,2.57,1.15,27,107,50,26,23,10,66.2,61.7,70.3,56.6,52.3,60.4,13.9,12,15.4,6.1,5,6.9,6,60.8,89.229,7,72,118,146,91,250,334,181,94,136,54,188,272,120,-10,-2.1
10390,Country/Area,Estimates,Georgia,12,268,GEO,GE,268,922,1975,  4 962,  4 979,  2 298,  2 681,71.7,85.7,27.4,45,9.1,36,0.72,96.4,95,9,19.1,2.55,1.14,26.9,107,50,26,23,10,66.5,62,70.6,56.8,52.5,60.5,14,12,15.5,6.1,5,6.9,6,59.1,90.664,7,70,114,142,88,246,328,177,92,133,52,185,268,118,-10,-1.9
10391,Country/Area,Estimates,Georgia,12,268,GEO,GE,268,922,1976,  4 997,  5 016,  2 316,  2 700,72.2,85.8,27.5,46,9.2,37,0.74,93.4,96,9,19.1,2.51,1.13,26.9,107,49,26,23,9.8,66.9,62.4,70.9,57,52.7,60.7,14.1,12.1,15.5,6.2,5.1,7,5,57.3,91.307,6,68,111,137,85,241,321,172,89,130,51,182,262,116,-9,-1.8
10392,Country/Area,Estimates,Georgia,12,268,GEO,GE,268,922,1977,  5 035,  5 054,  2 335,  2 719,72.7,85.9,27.6,46,9.2,38,0.75,92.1,96,10,18.9,2.44,1.1,26.7,107,49,26,24,9.8,67.2,62.8,71.2,57.2,52.9,60.9,14.2,12.2,15.6,6.2,5.1,7,5,55.5,91.446,6,66,107,133,82,236,315,168,87,127,49,179,258,113,-8,-1.6
10393,Country/Area,Estimates,Georgia,12,268,GEO,GE,268,922,1978,  5 073,  5 092,  2 354,  2 738,73.3,86,27.7,48,9.5,38,0.76,91.8,98,11,19.2,2.42,1.09,26.5,107,49,26,24,9.7,67.6,63.1,71.6,57.4,53.1,61.1,14.3,12.2,15.8,6.3,5.1,7.1,5,53.7,93.418,6,63,104,130,79,232,310,163,85,124,48,176,255,110,-10,-1.9
10394,Country/Area,Estimates,Georgia,12,268,GEO,GE,268,922,1979,  5 111,  5 129,  2 372,  2 757,73.8,86,27.9,50,9.7,35,0.69,100.6,99,11,19.3,2.38,1.08,26.3,107,49,26,24,9.6,67.9,63.4,72,57.6,53.3,61.3,14.4,12.3,15.8,6.3,5.2,7.1,5,51.9,95.017,6,61,100,126,76,227,305,159,83,121,46,174,251,107,-14,-2.8
10395,Country/Area,Estimates,Georgia,12,268,GEO,GE,268,922,1980,  5 146,  5 166,  2 391,  2 775,74.3,86.2,28,51,9.9,38,0.74,93.2,101,12,19.5,2.35,1.07,25.9,107,50,26,24,9.6,68.3,63.8,72.2,57.8,53.5,61.4,14.5,12.4,15.9,6.4,5.2,7.2,5,50.1,96.714,6,59,97,122,74,223,298,155,81,118,45,171,246,105,-13,-2.4
10396,Country/Area,Estimates,Georgia,12,268,GEO,GE,268,922,1981,  5 185,  5 205,  2 412,  2 793,74.9,86.3,28.1,53,10.3,41,0.78,89,102,11,19.7,2.33,1.06,25.9,107,49,26,23,9.4,68.7,64.2,72.8,58.1,53.8,61.8,14.8,12.6,16.3,6.5,5.2,7.3,5,48.6,98.349,6,57,95,120,72,219,293,151,80,117,45,168,241,103,-13,-2.5
10397,Country/Area,Estimates,Georgia,12,268,GEO,GE,268,922,1982,  5 225,  5 246,  2 434,  2 812,75.5,86.5,28.3,55,10.4,42,0.81,85.9,104,12,19.7,2.31,1.05,25.8,107,49,25,24,9.3,69.1,64.6,73.1,58.4,54.1,62,14.9,12.7,16.3,6.7,5.4,7.5,5,47.1,99.591,6,55,92,116,69,212,284,146,76,112,43,163,234,99,-12,-2.4
10398,Country/Area,Estimates,Georgia,12,268,GEO,GE,268,922,1983,  5 268,  5 290,  2 457,  2 833,76.1,86.7,28.4,56,10.6,45,0.85,81.4,106,12,20.1,2.34,1.07,25.8,107,50,26,24,9.5,69.1,64.6,73.2,58.3,53.9,62,14.8,12.6,16.2,6.6,5.3,7.3,5,45.7,102.243,6,53,90,115,66,214,287,144,75,112,41,166,239,99,-11,-2.1
10399,Country/Area,Estimates,Georgia,12,268,GEO,GE,268,922,1984,  5 313,  5 334,  2 480,  2 854,76.8,86.9,28.5,56,10.5,43,0.81,85.8,109,12,20.5,2.38,1.09,25.9,107,53,27,26,10,68.8,64.4,72.7,57.8,53.5,61.4,14.5,12.3,15.8,6.4,5.1,7.1,5,44.6,105.094,6,52,88,111,66,217,290,148,79,116,44,171,243,104,-13,-2.4
10400,Country/Area,Estimates,Georgia,12,268,GEO,GE,268,922,1985,  5 356,  5 377,  2 502,  2 875,77.4,87,28.7,57,10.7,42,0.79,88.3,111,12,20.6,2.4,1.1,25.9,108,53,27,26,9.9,69,64.6,72.9,57.9,53.7,61.5,14.5,12.2,15.9,6.5,5.2,7.2,5,43.6,106.774,6,51,87,109,65,214,287,145,76,112,42,169,240,102,-15,-2.8
10401,Country/Area,Estimates,Georgia,12,268,GEO,GE,268,922,1986,  5 398,  5 419,  2 524,  2 895,78,87.2,28.8,56,10.4,42,0.78,88.9,110,11,20.3,2.38,1.09,25.9,108,53,27,26,9.9,69.2,64.9,73.1,58.1,53.9,61.6,14.5,12.2,16,6.5,5.2,7.3,5,42.8,105.935,5,50,84,104,64,209,278,144,74,109,42,165,233,102,-14,-2.6
10402,Country/Area,Estimates,Georgia,12,268,GEO,GE,268,922,1987,  5 440,  5 461,  2 546,  2 915,78.6,87.4,29,52,9.6,41,0.76,91.2,106,11,19.5,2.32,1.06,25.9,108,54,27,26,9.9,69.2,64.9,73.1,58,53.9,61.6,14.5,12.2,16,6.5,5.2,7.3,5,42.2,102.636,5,49,85,107,64,209,279,143,74,109,41,165,233,102,-11,-2
10403,Country/Area,Estimates,Georgia,12,268,GEO,GE,268,922,1988,  5 482,  5 500,  2 567,  2 933,79.2,87.5,29.1,49,8.9,37,0.67,103.1,105,12,19.2,2.32,1.06,25.6,108,56,28,28,10.2,68.8,64.5,72.7,57.6,53.5,61.1,14.3,12.2,15.6,6.4,5.2,7.1,4,41.7,101.692,5,49,85,107,64,216,289,147,78,115,43,173,245,106,-12,-2.2
10404,Country/Area,Estimates,Georgia,12,268,GEO,GE,268,922,1989,  5 519,  5 500,  2 571,  2 929,79.1,87.8,29.3,48,8.6,-38,-0.69,...,104,13,19,2.32,1.06,25.6,108,57,29,28,10.3,68.6,64.2,72.7,57.3,53.1,61.1,14.4,12.2,15.7,6.5,5.2,7.2,4,41.3,100.703,5,48,89,112,65,221,297,149,84,124,48,178,253,108,-86,-15.6
10405,Country/Area,Estimates,Georgia,12,268,GEO,GE,268,922,1990,  5 481,  5 449,  2 548,  2 901,78.4,87.9,29.6,46,8.4,-63,-1.16,...,102,13,18.8,2.31,1.05,25.7,108,57,29,28,10.4,68.7,64.2,72.8,57.3,53.1,61.2,14.4,12.4,15.7,6.6,5.4,7.3,4,41,98.787,5,48,88,112,64,222,301,146,85,127,45,180,258,106,-109,-20
10406,Country/Area,Estimates,Georgia,12,268,GEO,GE,268,922,1991,  5 417,  5 380,  2 513,  2 867,77.4,87.6,29.8,37,6.8,-75,-1.4,...,95,13,17.7,2.21,1.01,25.6,109,59,30,28,10.9,68.2,63.6,72.6,56.8,52.4,60.9,14.1,11.9,15.5,6.4,5.1,7.1,4,40.6,91.918,5,47,90,117,64,228,311,149,90,135,49,187,269,109,-112,-20.8
10407,Country/Area,Estimates,Georgia,12,268,GEO,GE,268,922,1992,  5 342,  5 294,  2 469,  2 825,76.2,87.4,30.1,26,5,-95,-1.8,...,86,13,16.2,2.05,0.93,25.3,109,59,31,29,11.2,67.8,63,72.3,56.3,51.7,60.6,13.9,11.9,15.3,6.2,5,6.9,4,40.2,82.778,4,47,98,133,64,233,319,151,97,148,48,193,278,111,-122,-23
10408,Country/Area,Estimates,Georgia,12,268,GEO,GE,268,922,1993,  5 247,  5 179,  2 409,  2 770,74.5,87,30.4,19,3.7,-135,-2.62,...,78,14,15.1,1.91,0.87,25.1,109,59,31,27,11.3,67.4,62,72.7,55.9,50.6,60.9,14,11.8,15.5,6.4,5,7.1,3,39.7,75.408,4,46,104,146,64,245,343,148,108,171,49,205,304,110,-155,-29.9
10409,Country/Area,Estimates,Georgia,12,268,GEO,GE,268,922,1994,  5 111,  5 046,  2 341,  2 706,72.6,86.5,30.8,18,3.6,-130,-2.57,...,73,15,14.4,1.84,0.83,24.9,110,54,28,27,10.8,68.7,63.9,73.1,57.1,52.5,61.3,14.2,12.1,15.6,6.2,4.9,6.9,3,39.1,70.123,3,45,91,123,61,219,301,141,90,138,45,180,261,104,-148,-29.2
10410,Country/Area,Estimates,Georgia,12,268,GEO,GE,268,922,1995,  4 982,  4 926,  2 279,  2 647,70.9,86.1,31.2,19,3.8,-112,-2.26,...,69,14,14.1,1.81,0.82,25,110,51,26,25,10.3,69.4,64.6,73.9,57.8,53.1,62,14.7,12.4,16.1,6.5,5.1,7.2,3,38.3,67.097,3,44,86,114,60,213,297,134,86,133,44,174,258,97,-130,-26.4
10411,Country/Area,Estimates,Georgia,12,268,GEO,GE,268,922,1996,  4 870,  4 813,  2 221,  2 592,69.3,85.7,31.5,20,4.1,-114,-2.38,...,66,13,13.7,1.76,0.8,25.2,110,46,24,23,9.6,70.6,66,74.9,58.9,54.5,62.9,15.3,13.1,16.7,6.9,5.4,7.6,2,37.3,63.64,3,43,77,100,55,198,276,125,74,116,37,160,238,89,-134,-27.8
10412,Country/Area,Estimates,Georgia,12,268,GEO,GE,268,922,1997,  4 756,  4 695,  2 162,  2 534,67.6,85.3,31.9,13,2.7,-120,-2.57,...,63,11,13.4,1.73,0.78,25.5,111,50,25,25,10.6,69.7,65.5,73.4,57.9,53.9,61.4,14.6,12.8,15.8,6.9,5.7,7.4,2,36,60.839,3,42,80,101,59,211,286,142,78,114,45,174,249,107,-133,-28.4
10413,Country/Area,Estimates,Georgia,12,268,GEO,GE,268,922,1998,  4 635,  4 576,  2 102,  2 475,65.9,84.9,32.3,11,2.3,-117,-2.57,...,60,11,13.1,1.7,0.77,25.5,111,50,24,25,10.8,69.8,65.6,73.6,57.9,53.8,61.4,14.6,12.7,15.8,6.9,5.7,7.4,2,34.6,58.354,2,40,78,101,57,206,282,137,78,117,43,171,246,103,-128,-28
10414,Country/Area,Estimates,Georgia,12,268,GEO,GE,268,922,1999,  4 518,  4 456,  2 041,  2 415,64.1,84.5,32.6,7,1.7,-124,-2.79,...,57,9,12.7,1.64,0.75,25.7,111,49,24,25,11,70,65.8,73.9,57.9,53.9,61.5,14.5,12.7,15.7,6.9,5.7,7.4,2,32.9,54.905,2,38,74,97,52,201,277,131,77,116,42,167,242,100,-132,-29.6
10415,Country/Area,Estimates,Georgia,12,268,GEO,GE,268,922,2000,  4 393,  4 328,  1 977,  2 351,62.3,84.1,32.9,5,1.1,-130,-3.01,...,54,8,12.5,1.61,0.73,25.8,111,49,24,25,11.3,70.1,65.9,73.9,57.9,53.8,61.4,14.4,12.6,15.7,6.9,5.7,7.4,2,31,52.445,2,36,72,94,51,200,276,131,77,117,43,168,243,101,-135,-31.2
10416,Country/Area,Estimates,Georgia,12,268,GEO,GE,268,922,2001,  4 263,  4 210,  1 918,  2 292,60.6,83.7,33.2,4,0.9,-107,-2.55,...,52,7,12.2,1.58,0.72,26.2,111,48,23,25,11.4,70.4,66.5,73.9,58,54.3,61.2,14.5,13,15.6,6.8,5.8,7.2,2,29,50.251,2,33,73,96,52,195,267,130,80,121,44,164,236,101,-111,-26.4
10417,Country/Area,Estimates,Georgia,12,268,GEO,GE,268,922,2002,  4 156,  4 128,  1 878,  2 250,59.4,83.4,33.5,2,0.6,-56,-1.36,...,50,7,12.2,1.57,0.72,26.4,111,48,23,25,11.6,70.4,66.5,73.9,57.9,54.2,61.1,14.4,12.9,15.5,6.6,5.6,7,1,26.9,49.19,2,31,71,94,50,195,268,129,81,122,45,167,239,103,-59,-14.2
10418,Country/Area,Estimates,Georgia,12,268,GEO,GE,268,922,2003,  4 100,  4 085,  1 861,  2 225,58.8,83.6,33.7,3,0.6,-29,-0.7,...,50,7,12.1,1.55,0.71,26.3,111,47,23,24,11.5,71.4,67.7,74.6,58.5,55,61.6,14.5,12.6,15.8,6.3,5.1,6.9,1,24.7,48.476,1,28,57,71,44,183,248,126,64,92,40,158,222,102,-31,-7.6
10419,Country/Area,Estimates,Georgia,12,268,GEO,GE,268,922,2004,  4 071,  4 056,  1 853,  2 203,58.4,84.1,34,0,0.1,-30,-0.75,...,50,7,12.3,1.57,0.72,26.2,110,50,24,25,12.3,71,66.9,74.8,58.1,54.1,61.6,14.1,12.3,15.4,5.9,4.7,6.4,1,22.6,48.982,1,26,61,82,42,184,261,114,75,115,40,159,236,91,-31,-7.5
10420,Country/Area,Estimates,Georgia,12,268,GEO,GE,268,922,2005,  4 041,  4 026,  1 844,  2 182,57.9,84.5,34.2,2,0.4,-30,-0.73,...,51,8,12.6,1.58,0.73,26.1,110,49,25,24,12.2,70.7,66.4,74.7,57.5,53.3,61.4,14.5,12.6,16,6.5,5.2,7.1,1,20.5,49.655,1,23,64,86,45,201,283,126,88,132,50,180,262,106,-31,-7.8
10421,Country/Area,Estimates,Georgia,12,268,GEO,GE,268,922,2006,  4 011,  3 997,  1 834,  2 162,57.5,84.8,34.5,2,0.6,-30,-0.74,...,52,7,12.9,1.62,0.75,26.1,110,49,26,23,12.4,71,66.1,75.6,57.7,52.9,62.2,14.4,12.2,16.1,6.3,5,7,1,18.6,50.728,1,21,63,89,40,194,287,108,87,138,42,174,267,89,-32,-7.9
10422,Country/Area,Estimates,Georgia,12,268,GEO,GE,268,922,2007,  3 982,  3 968,  1 824,  2 143,57.1,85.1,34.7,4,0.9,-28,-0.72,...,54,7,13.6,1.7,0.79,26.2,109,50,27,24,12.7,71,66.2,75.6,57.5,52.8,62,14.3,11.9,16.1,6.5,4.9,7.3,1,16.8,53.118,1,19,61,82,41,194,282,113,89,137,47,176,264,95,-32,-8.1
10423,Country/Area,Estimates,Georgia,12,268,GEO,GE,268,922,2008,  3 953,  3 941,  1 816,  2 126,56.7,85.4,34.8,8,2.1,-24,-0.62,...,58,8,14.7,1.83,0.86,26.2,109,50,27,23,12.6,70.9,65.8,76,57.5,52.4,62.4,14.4,11.9,16.4,6.8,5.2,7.7,1,15.3,57.145,1,17,67,95,41,197,289,112,96,149,48,180,271,95,-32,-8.2
10424,Country/Area,Estimates,Georgia,12,268,GEO,GE,268,922,2009,  3 929,  3 919,  1 809,  2 110,56.4,85.8,35,13,3.2,-20,-0.52,...,62,9,15.9,1.99,0.93,26.1,108,50,26,24,12.7,71.1,66.5,75.4,57.4,52.8,61.7,14.2,11.8,16,7,5.6,7.8,1,13.9,61.7,1,16,64,87,41,191,275,115,94,143,50,176,259,99,-33,-8.4
10425,Country/Area,Estimates,Georgia,12,268,GEO,GE,268,922,2010,  3 909,  3 896,  1 803,  2 093,56.1,86.1,35.1,11,2.8,-26,-0.66,...,61,8,15.6,1.97,0.93,26.4,108,50,26,24,12.9,71.7,66.9,76.4,58,53.2,62.5,14.7,12.5,16.4,6.6,5.2,7.4,1,12.8,60.242,1,14,52,76,30,188,276,105,80,128,37,173,262,91,-37,-9.4
10426,Country/Area,Estimates,Georgia,12,268,GEO,GE,268,922,2011,  3 883,  3 869,  1 794,  2 075,55.7,86.5,35.3,9,2.4,-29,-0.74,...,58,7,15,1.92,0.9,26.5,108,49,25,23,12.6,72.5,67.9,76.9,58.6,54.1,63,14.9,12.7,16.7,6.6,5.2,7.5,1,11.8,57.384,1,13,46,65,29,173,253,99,71,112,36,159,239,86,-38,-9.8
10427,Country/Area,Estimates,Georgia,12,268,GEO,GE,268,922,2012,  3 854,  3 839,  1 784,  2 055,55.2,86.8,35.6,9,2.3,-30,-0.79,...,57,6,14.9,1.93,0.91,26.7,108,48,25,23,12.6,72.7,67.9,77.3,58.7,54,63.3,15.2,12.8,17,6.7,5.2,7.6,1,11,56.49,1,12,47,67,27,175,258,98,74,116,35,162,245,86,-39,-10.2
10428,Country/Area,Estimates,Georgia,12,268,GEO,GE,268,922,2013,  3 824,  3 809,  1 773,  2 036,54.8,87.1,35.9,10,2.7,-30,-0.78,...,57,5,15.1,1.99,0.94,26.8,108,47,25,22,12.3,73,68.3,77.6,59.1,54.4,63.5,15.4,13.1,17.2,6.9,5.4,7.8,1,10.3,56.868,1,12,44,63,26,173,256,96,73,114,36,161,244,85,-40,-10.5
10429,Country/Area,Estimates,Georgia,12,268,GEO,GE,268,922,2014,  3 794,  3 793,  1 768,  2 025,54.6,87.3,36,13,3.5,-3,-0.07,...,61,6,16.1,2.18,1.03,26.9,108,48,25,23,12.6,73.1,68.5,77.6,59.1,54.5,63.5,15.3,13,17.1,6.8,5.3,7.7,1,9.8,60.504,1,11,43,60,27,168,247,94,71,109,35,156,235,83,-16,-4.2
10430,Country/Area,Estimates,Georgia,12,268,GEO,GE,268,922,2015,  3 792,  3 792,  1 767,  2 025,54.6,87.3,36.1,13,3.5,0,0,...,61,5,16,2.21,1.05,27.2,108,47,25,22,12.5,73.2,68.5,77.9,59.2,54.5,63.7,15.5,13,17.4,6.9,5.3,7.8,1,9.5,60.245,1,11,42,60,25,168,247,94,69,106,34,156,235,83,-13,-3.5
10431,Country/Area,Estimates,Georgia,12,268,GEO,GE,268,922,2016,  3 792,  3 792,  1 767,  2 025,54.6,87.2,36.1,12,3,1,0.03,...,60,5,15.8,2.23,1.06,27.4,107,48,26,23,12.8,73.1,68.3,77.9,59,54.2,63.7,15.4,12.8,17.4,6.8,5.2,7.8,1,9.2,59.503,1,10,43,62,26,170,251,94,72,112,34,160,240,84,-11,-2.8
10432,Country/Area,Estimates,Georgia,12,268,GEO,GE,268,922,2017,  3 793,  3 793,  1 767,  2 026,54.6,87.2,36.1,9,2.3,1,0.02,...,57,4,14.9,2.14,1.02,27.6,107,48,25,23,12.7,73.4,68.5,78.2,59.3,54.5,64,15.5,12.8,17.6,6.9,5.2,7.9,1,8.9,56.092,1,10,41,59,24,165,245,90,70,107,34,154,234,80,-8,-2.1
10433,Country/Area,Estimates,Georgia,12,268,GEO,GE,268,922,2018,  3 793,  3 795,  1 768,  2 027,54.6,87.2,36.2,9,2.3,3,0.09,...,54,3,14.3,2.09,0.99,27.8,107,46,24,22,12.1,74,69,78.8,59.9,55,64.6,15.9,13.2,18.1,7.2,5.4,8.3,0,8.8,53.982,1,10,39,55,24,160,238,87,65,100,31,149,227,78,-5,-1.4
10434,Country/Area,Estimates,Georgia,12,268,GEO,GE,268,922,2019,  3 797,  3 797,  1 768,  2 028,54.6,87.2,36.3,6,1.5,0,0.01,...,52,3,13.6,2.02,0.96,28,107,46,24,22,12.1,74.2,69.2,78.9,60,55.1,64.7,16,13.2,18,7.3,5.4,8.3,0,8.6,51.206,1,10,37,53,22,156,232,85,63,98,29,146,222,76,-5,-1.4
10435,Country/Area,Estimates,Georgia,12,268,GEO,GE,268,922,2020,  3 797,  3 796,  1 767,  2 028,54.6,87.1,36.5,0,0.1,-2,-0.06,...,50,3,13.1,1.98,0.94,28.2,107,49,26,23,13,73.5,68.6,78.3,59.3,54.5,64,15.3,12.5,17.6,7,5.1,8,0,8.5,49.181,0,10,36,50,22,159,237,88,63,97,31,150,227,79,-3,-0.7
10436,Country/Area,Estimates,Georgia,12,268,GEO,GE,268,922,2021,  3 794,  3 788,  1 764,  2 024,54.5,87.2,36.6,-9,-2.5,-12,-0.32,...,49,3,12.9,1.98,0.94,28.3,107,58,29,30,15.3,71.6,67.3,75.8,57.4,53.1,61.5,14,11.6,15.8,6.2,4.8,7,0,8.4,48.443,0,9,40,55,25,182,258,111,72,107,39,173,249,102,-3,-0.7
10437,Country/Area,Estimates,Georgia,12,268,GEO,GE,268,922,2022,  3 782,  3 795,  1 768,  2 027,54.6,87.2,36.6,-2,-0.6,25,0.65,106.3,44,2,11.6,1.82,0.87,28.5,107,46,24,22,12.2,74.1,69,79,59.9,54.9,64.8,15.9,12.9,18.1,7.1,5.2,8.2,0,8.2,43.75,0,9,36,52,20,155,234,82,63,101,27,146,224,73,27,7.1
10438,Country/Area,Estimates,Georgia,12,268,GEO,GE,268,922,2023,  3 807,  3 807,  1 774,  2 033,54.8,87.3,36.8,-1,-0.3,1,0.02,...,44,2,11.5,1.81,0.86,28.5,107,45,23,22,11.8,74.5,69.6,79.1,60.3,55.4,64.9,16.2,13.4,18.2,7.3,5.4,8.3,0,8.1,43.456,0,9,35,48,21,152,227,83,60,94,28,143,217,74,2,0.5
